;Unnamed: 0;well_id;well_name;row;column;plate;cond_id;Navi;Lapa;Bini;Vino;n_organoids;mean_roundness;file_path;Cond_name;alive;total;ratio;norm_ratio
0;0;1;A01;1;1;1;8;0.0;19.9883164;0.00495988;0.0;68;0.8087319705882353;output/well_csv/A01_organoids.csv;LapaBini;59;68;0.8676470588235294;1.2188375350140057
1;1;1;A02;1;2;1;8;0.0;19.9883164;0.01735958;0.0;88;0.741526025;output/well_csv/A02_organoids.csv;LapaBini;69;88;0.7840909090909091;1.1014610389610389
2;2;1;A03;1;3;1;8;0.0;19.9883164;0.05455868;0.0;74;0.7310007837837837;output/well_csv/A03_organoids.csv;LapaBini;53;74;0.7162162162162162;1.0061132561132562
3;3;1;A04;1;4;1;8;0.0;19.9883164;0.17607574;0.0;78;0.6986180384615384;output/well_csv/A04_organoids.csv;LapaBini;51;78;0.6538461538461539;0.9184981684981686
4;4;1;A05;1;5;1;8;0.0;19.9883164;0.5951856;0.0;81;0.6887109888888889;output/well_csv/A05_organoids.csv;LapaBini;50;81;0.6172839506172839;0.8671369782480893
5;5;1;A06;1;6;1;8;0.0;19.9883164;1.8847544;0.0;78;0.7251563525641026;output/well_csv/A06_organoids.csv;LapaBini;54;78;0.6923076923076923;0.9725274725274725
6;6;1;A07;1;7;1;8;0.0;19.9883164;6.1006524;0.0;87;0.7340877586206898;output/well_csv/A07_organoids.csv;LapaBini;64;87;0.735632183908046;1.0333880678708265
7;7;1;A08;1;8;1;8;0.0;19.9883164;19.9883164;0.0;103;0.5573981126213593;output/well_csv/A08_organoids.csv;LapaBini;32;103;0.3106796116504854;0.43643088303282473
8;8;1;A09;1;9;1;8;0.0;19.9883164;0.00495988;0.0;96;0.636927475;output/well_csv/A09_organoids.csv;LapaBini;46;96;0.4791666666666667;0.6731150793650794
9;9;1;A10;1;10;1;8;0.0;19.9883164;0.01735958;0.0;95;0.7083060421052635;output/well_csv/A10_organoids.csv;LapaBini;63;95;0.6631578947368421;0.931578947368421
10;10;1;A11;1;11;1;8;0.0;19.9883164;0.05455868;0.0;110;0.6903586781818181;output/well_csv/A11_organoids.csv;LapaBini;73;110;0.6636363636363637;0.9322510822510823
11;11;1;A12;1;12;1;8;0.0;19.9883164;0.17607574;0.0;86;0.764022569767442;output/well_csv/A12_organoids.csv;LapaBini;64;86;0.7441860465116279;1.0454042081949058
12;12;1;A13;1;13;1;8;0.0;19.9883164;0.5951856;0.0;87;0.6718803448275861;output/well_csv/A13_organoids.csv;LapaBini;48;87;0.5517241379310345;0.7750410509031199
13;13;1;A14;1;14;1;8;0.0;19.9883164;1.8847544;0.0;79;0.7042107468354429;output/well_csv/A14_organoids.csv;LapaBini;54;79;0.6835443037974683;0.9602169981916817
14;14;1;A15;1;15;1;8;0.0;19.9883164;6.1006524;0.0;76;0.6384297499999999;output/well_csv/A15_organoids.csv;LapaBini;39;76;0.5131578947368421;0.7208646616541354
15;15;1;A16;1;16;1;8;0.0;19.9883164;19.9883164;0.0;102;0.5952457009803921;output/well_csv/A16_organoids.csv;LapaBini;40;102;0.39215686274509803;0.5508870214752568
16;16;1;B01;2;1;1;8;0.0;6.1006524;0.00495988;0.0;76;0.8635220263157894;output/well_csv/B01_organoids.csv;LapaBini;73;76;0.9605263157894737;1.3493107769423558
17;17;1;B02;2;2;1;8;0.0;6.1006524;0.01735958;0.0;82;0.5101801585365854;output/well_csv/B02_organoids.csv;LapaBini;4;82;0.04878048780487805;0.06852497096399536
18;18;1;B03;2;3;1;8;0.0;6.1006524;0.05455868;0.0;79;0.7655067468354431;output/well_csv/B03_organoids.csv;LapaBini;66;79;0.8354430379746836;1.1735985533453888
19;19;1;B04;2;4;1;8;0.0;6.1006524;0.17607574;0.0;64;0.80670328125;output/well_csv/B04_organoids.csv;LapaBini;56;64;0.875;1.2291666666666667
20;20;1;B05;2;5;1;8;0.0;6.1006524;0.5951856;0.0;76;0.6548709939473685;output/well_csv/B05_organoids.csv;LapaBini;43;76;0.5657894736842105;0.7947994987468672
21;21;1;B06;2;6;1;8;0.0;6.1006524;1.8847544;0.0;82;0.6698162914634146;output/well_csv/B06_organoids.csv;LapaBini;48;82;0.5853658536585366;0.8222996515679443
22;22;1;B07;2;7;1;8;0.0;6.1006524;6.1006524;0.0;85;0.6910063823529411;output/well_csv/B07_organoids.csv;LapaBini;53;85;0.6235294117647059;0.8759103641456583
23;23;1;B08;2;8;1;8;0.0;6.1006524;19.9883164;0.0;84;0.6574688928571428;output/well_csv/B08_organoids.csv;LapaBini;34;84;0.40476190476190477;0.5685941043083901
24;24;1;B09;2;9;1;8;0.0;6.1006524;0.00495988;0.0;56;0.6846365339285715;output/well_csv/B09_organoids.csv;LapaBini;32;56;0.5714285714285714;0.8027210884353742
25;25;1;B10;2;10;1;8;0.0;6.1006524;0.01735958;0.0;58;0.6722383431034482;output/well_csv/B10_organoids.csv;LapaBini;32;58;0.5517241379310345;0.7750410509031199
26;26;1;B11;2;11;1;8;0.0;6.1006524;0.05455868;0.0;75;0.6638848893333333;output/well_csv/B11_organoids.csv;LapaBini;45;75;0.6;0.8428571428571429
27;27;1;B12;2;12;1;8;0.0;6.1006524;0.17607574;0.0;89;0.6712208292134831;output/well_csv/B12_organoids.csv;LapaBini;46;89;0.5168539325842697;0.7260567148207598
28;28;1;B13;2;13;1;8;0.0;6.1006524;0.5951856;0.0;71;0.8437038028169014;output/well_csv/B13_organoids.csv;LapaBini;69;71;0.971830985915493;1.3651911468812878
29;29;1;B14;2;14;1;8;0.0;6.1006524;1.8847544;0.0;72;0.8000471666666668;output/well_csv/B14_organoids.csv;LapaBini;63;72;0.875;1.2291666666666667
30;30;1;B15;2;15;1;8;0.0;6.1006524;6.1006524;0.0;72;0.7187530416666666;output/well_csv/B15_organoids.csv;LapaBini;50;72;0.6944444444444444;0.9755291005291005
31;31;1;B16;2;16;1;8;0.0;6.1006524;19.9883164;0.0;106;0.582667070754717;output/well_csv/B16_organoids.csv;LapaBini;36;106;0.33962264150943394;0.477088948787062
32;32;1;C01;3;1;1;8;0.0;1.884749702486;0.004959867638122;0.0;75;0.8282866933333333;output/well_csv/C01_organoids.csv;LapaBini;71;75;0.9466666666666667;1.3298412698412698
33;33;1;C02;3;2;1;8;0.0;1.884749668155;0.01735953641722;0.0;72;0.7721172500000001;output/well_csv/C02_organoids.csv;LapaBini;57;72;0.7916666666666666;1.1121031746031746
34;34;1;C03;3;3;1;8;0.0;1.884749555884;0.0545585397756;0.0;66;0.8025360454545455;output/well_csv/C03_organoids.csv;LapaBini;58;66;0.8787878787878788;1.2344877344877345
35;35;1;C04;3;4;1;8;0.0;1.884749188731;0.1760752531577;0.0;54;0.9151630185185186;output/well_csv/C04_organoids.csv;LapaBini;54;54;1.0;1.4047619047619049
36;36;1;C05;3;5;1;8;0.0;1.88474798805;0.5951835751738;0.0;54;0.8769624629629631;output/well_csv/C05_organoids.csv;LapaBini;52;54;0.9629629629629629;1.3527336860670194
37;37;1;C06;3;6;1;8;0.0;1.884744061545;1.884744061545;0.0;60;0.8704323666666666;output/well_csv/C06_organoids.csv;LapaBini;60;60;1.0;1.4047619047619049
38;38;1;C07;3;7;1;8;0.0;1.8847544;6.1006524;0.0;83;0.7972516144578312;output/well_csv/C07_organoids.csv;LapaBini;74;83;0.891566265060241;1.2524383247274813
39;39;1;C08;3;8;1;8;0.0;1.8847544;19.9883164;0.0;68;0.7164003088235295;output/well_csv/C08_organoids.csv;LapaBini;45;68;0.6617647058823529;0.9296218487394958
40;40;1;C09;3;9;1;8;0.0;1.884749702486;0.004959867638122;0.0;73;0.8040311369863014;output/well_csv/C09_organoids.csv;LapaBini;58;73;0.7945205479452054;1.116112198303979
41;41;1;C10;3;10;1;8;0.0;1.884749668155;0.01735953641722;0.0;82;0.7879518134146342;output/well_csv/C10_organoids.csv;LapaBini;71;82;0.8658536585365854;1.2163182346109176
42;42;1;C11;3;11;1;8;0.0;1.884749555884;0.0545585397756;0.0;62;0.8035788225806452;output/well_csv/C11_organoids.csv;LapaBini;53;62;0.8548387096774194;1.2008448540706607
43;43;1;C12;3;12;1;8;0.0;1.884749188731;0.1760752531577;0.0;66;0.8069550757575757;output/well_csv/C12_organoids.csv;LapaBini;61;66;0.9242424242424242;1.2983405483405484
44;44;1;C13;3;13;1;8;0.0;1.88474798805;0.5951835751738;0.0;63;0.8179115555555557;output/well_csv/C13_organoids.csv;LapaBini;57;63;0.9047619047619048;1.2709750566893425
45;45;1;C14;3;14;1;8;0.0;1.884744061545;1.884744061545;0.0;70;0.8300742357142857;output/well_csv/C14_organoids.csv;LapaBini;64;70;0.9142857142857143;1.2843537414965986
46;46;1;C15;3;15;1;8;0.0;1.8847544;6.1006524;0.0;86;0.7376312674418604;output/well_csv/C15_organoids.csv;LapaBini;60;86;0.6976744186046512;0.9800664451827243
47;47;1;C16;3;16;1;8;0.0;1.8847544;19.9883164;0.0;89;0.7662359258426965;output/well_csv/C16_organoids.csv;LapaBini;73;89;0.8202247191011236;1.1522204387372927
48;48;1;D01;4;1;1;8;0.0;0.5951853565311;0.004959877971092;0.0;67;0.8534692985074627;output/well_csv/D01_organoids.csv;LapaBini;61;67;0.9104477611940298;1.2789623312011371
49;49;1;D02;4;2;1;8;0.0;0.5951853456896;0.01735957258261;0.0;53;0.8615981132075474;output/well_csv/D02_organoids.csv;LapaBini;51;53;0.9622641509433962;1.3517520215633423
50;50;1;D03;4;3;1;8;0.0;0.5951853102354;0.05455865343825;0.0;68;0.8930467941176471;output/well_csv/D03_organoids.csv;LapaBini;67;68;0.9852941176470589;1.3841036414565828
51;51;1;D04;4;4;1;8;0.0;0.5951851942917;0.176075619978;0.0;57;0.8914350175438598;output/well_csv/D04_organoids.csv;LapaBini;57;57;1.0;1.4047619047619049
52;52;1;D05;4;5;1;8;0.0;0.595184815128;0.595184815128;0.0;70;0.898747042857143;output/well_csv/D05_organoids.csv;LapaBini;69;70;0.9857142857142858;1.3846938775510205
53;53;1;D06;4;6;1;8;0.0;0.5951835751738;1.88474798805;0.0;67;0.8900638208955224;output/well_csv/D06_organoids.csv;LapaBini;67;67;1.0;1.4047619047619049
54;54;1;D07;4;7;1;8;0.0;0.5951856;6.1006524;0.0;86;0.871046093023256;output/well_csv/D07_organoids.csv;LapaBini;84;86;0.9767441860465116;1.372093023255814
55;55;1;D08;4;8;1;8;0.0;0.5951856;19.9883164;0.0;87;0.7472316459770115;output/well_csv/D08_organoids.csv;LapaBini;63;87;0.7241379310344828;1.0172413793103448
56;56;1;D09;4;9;1;8;0.0;0.5951853565311;0.004959877971092;0.0;61;0.8628999180327868;output/well_csv/D09_organoids.csv;LapaBini;58;61;0.9508196721311475;1.3356752537080405
57;57;1;D10;4;10;1;8;0.0;0.5951853456896;0.01735957258261;0.0;59;0.9128585423728812;output/well_csv/D10_organoids.csv;LapaBini;59;59;1.0;1.4047619047619049
58;58;1;D11;4;11;1;8;0.0;0.5951853102354;0.05455865343825;0.0;62;0.7998480806451616;output/well_csv/D11_organoids.csv;LapaBini;55;62;0.8870967741935484;1.2461597542242704
59;59;1;D12;4;12;1;8;0.0;0.5951851942917;0.176075619978;0.0;58;0.8656715862068967;output/well_csv/D12_organoids.csv;LapaBini;58;58;1.0;1.4047619047619049
60;60;1;D13;4;13;1;8;0.0;0.595184815128;0.595184815128;0.0;57;0.9054783859649124;output/well_csv/D13_organoids.csv;LapaBini;57;57;1.0;1.4047619047619049
61;61;1;D14;4;14;1;8;0.0;0.5951835751738;1.88474798805;0.0;54;0.8672743703703704;output/well_csv/D14_organoids.csv;LapaBini;52;54;0.9629629629629629;1.3527336860670194
62;62;1;D15;4;15;1;8;0.0;0.5951856;6.1006524;0.0;68;0.8401256764705882;output/well_csv/D15_organoids.csv;LapaBini;64;68;0.9411764705882353;1.3221288515406162
63;63;1;D16;4;16;1;8;0.0;0.5951856;19.9883164;0.0;74;0.7782647364864865;output/well_csv/D16_organoids.csv;LapaBini;69;74;0.9324324324324325;1.3098455598455598
64;64;1;E01;5;1;1;8;0.0;0.1760757801432;0.004959881130796;0.0;74;0.7069168918918919;output/well_csv/E01_organoids.csv;LapaBini;48;74;0.6486486486486487;0.9111969111969113
65;65;1;E02;5;2;1;8;0.0;0.176075776936;0.01735958364158;0.0;72;0.6662396805555555;output/well_csv/E02_organoids.csv;LapaBini;41;72;0.5694444444444444;0.7999338624338624
66;66;1;E03;5;3;1;8;0.0;0.1760757664474;0.05455868819498;0.0;95;0.5940905515789474;output/well_csv/E03_organoids.csv;LapaBini;25;95;0.2631578947368421;0.36967418546365916
67;67;1;E04;5;4;1;8;0.0;0.1760757321474;0.1760757321474;0.0;78;0.528273628205128;output/well_csv/E04_organoids.csv;LapaBini;17;78;0.21794871794871795;0.3061660561660562
68;68;1;E05;5;5;1;8;0.0;0.176075619978;0.5951851942917;0.0;75;0.4982135226666666;output/well_csv/E05_organoids.csv;LapaBini;9;75;0.12;0.16857142857142857
69;69;1;E06;5;6;1;8;0.0;0.1760752531577;1.884749188731;0.0;79;0.545154993670886;output/well_csv/E06_organoids.csv;LapaBini;12;79;0.1518987341772152;0.21338155515370708
70;70;1;E07;5;7;1;8;0.0;0.17607574;6.1006524;0.0;69;0.6060579855072465;output/well_csv/E07_organoids.csv;LapaBini;21;69;0.30434782608695654;0.427536231884058
71;71;1;E08;5;8;1;8;0.0;0.17607574;19.9883164;0.0;83;0.5757860240963855;output/well_csv/E08_organoids.csv;LapaBini;14;83;0.1686746987951807;0.2369477911646586
72;72;1;E09;5;9;1;8;0.0;0.1760757801432;0.004959881130796;0.0;73;0.5758228904109589;output/well_csv/E09_organoids.csv;LapaBini;7;73;0.0958904109589041;0.13470319634703196
73;73;1;E10;5;10;1;8;0.0;0.176075776936;0.01735958364158;0.0;83;0.6200006144578313;output/well_csv/E10_organoids.csv;LapaBini;29;83;0.3493975903614458;0.49082042455536434
74;74;1;E11;5;11;1;8;0.0;0.1760757664474;0.05455868819498;0.0;74;0.6556175675675675;output/well_csv/E11_organoids.csv;LapaBini;39;74;0.527027027027027;0.7403474903474903
75;75;1;E12;5;12;1;8;0.0;0.1760757321474;0.1760757321474;0.0;67;0.6088464626865671;output/well_csv/E12_organoids.csv;LapaBini;23;67;0.34328358208955223;0.4822316986496091
76;76;1;E13;5;13;1;8;0.0;0.176075619978;0.5951851942917;0.0;61;0.6874458852459017;output/well_csv/E13_organoids.csv;LapaBini;38;61;0.6229508196721312;0.8750975800156129
77;77;1;E14;5;14;1;8;0.0;0.1760752531577;1.884749188731;0.0;71;0.6962127309859154;output/well_csv/E14_organoids.csv;LapaBini;46;71;0.647887323943662;0.9101274312541918
78;78;1;E15;5;15;1;8;0.0;0.17607574;6.1006524;0.0;61;0.6657250983606556;output/well_csv/E15_organoids.csv;LapaBini;25;61;0.4098360655737705;0.5757220921155347
79;79;1;E16;5;16;1;8;0.0;0.17607574;19.9883164;0.0;88;0.6166505375;output/well_csv/E16_organoids.csv;LapaBini;26;88;0.29545454545454547;0.41504329004329005
80;80;1;F01;6;1;1;8;0.0;0.05455870306695;0.004959882096995;0.0;68;0.8803083970588237;output/well_csv/F01_organoids.csv;LapaBini;67;68;0.9852941176470589;1.3841036414565828
81;81;1;F02;6;2;1;8;0.0;0.05455870207314;0.01735958702327;0.0;75;0.7472363466666667;output/well_csv/F02_organoids.csv;LapaBini;58;75;0.7733333333333333;1.0863492063492064
82;82;1;F03;6;3;1;8;0.0;0.05455869882317;0.05455869882317;0.0;68;0.5951421911764706;output/well_csv/F03_organoids.csv;LapaBini;20;68;0.29411764705882354;0.4131652661064426
83;83;1;F04;6;4;1;8;0.0;0.05455868819498;0.1760757664474;0.0;62;0.7761027903225807;output/well_csv/F04_organoids.csv;LapaBini;51;62;0.8225806451612904;1.1555299539170507
84;84;1;F05;6;5;1;8;0.0;0.05455865343825;0.5951853102354;0.0;67;0.7467324776119403;output/well_csv/F05_organoids.csv;LapaBini;53;67;0.7910447761194029;1.111229566453447
85;85;1;F06;6;6;1;8;0.0;0.0545585397756;1.884749555884;0.0;80;0.5349369325;output/well_csv/F06_organoids.csv;LapaBini;16;80;0.2;0.28095238095238095
86;86;1;F07;6;7;1;8;0.0;0.05455868;6.1006524;0.0;61;0.8499185081967212;output/well_csv/F07_organoids.csv;LapaBini;58;61;0.9508196721311475;1.3356752537080405
87;87;1;F08;6;8;1;8;0.0;0.05455868;19.9883164;0.0;68;0.6449109264705882;output/well_csv/F08_organoids.csv;LapaBini;25;68;0.36764705882352944;0.5164565826330533
88;88;1;F09;6;9;1;8;0.0;0.05455870306695;0.004959882096995;0.0;66;0.7372719393939394;output/well_csv/F09_organoids.csv;LapaBini;44;66;0.6666666666666666;0.9365079365079365
89;89;1;F10;6;10;1;8;0.0;0.05455870207314;0.01735958702327;0.0;51;0.877287294117647;output/well_csv/F10_organoids.csv;LapaBini;51;51;1.0;1.4047619047619049
90;90;1;F11;6;11;1;8;0.0;0.05455869882317;0.05455869882317;0.0;57;0.7769941052631579;output/well_csv/F11_organoids.csv;LapaBini;44;57;0.7719298245614035;1.0843776106934002
91;91;1;F12;6;12;1;8;0.0;0.05455868819498;0.1760757664474;0.0;50;0.8959403800000001;output/well_csv/F12_organoids.csv;LapaBini;49;50;0.98;1.3766666666666667
92;92;1;F13;6;13;1;8;0.0;0.05455865343825;0.5951853102354;0.0;71;0.8905883521126761;output/well_csv/F13_organoids.csv;LapaBini;71;71;1.0;1.4047619047619049
93;93;1;F14;6;14;1;8;0.0;0.0545585397756;1.884749555884;0.0;50;0.8314961599999998;output/well_csv/F14_organoids.csv;LapaBini;46;50;0.92;1.2923809523809524
94;94;1;F15;6;15;1;8;0.0;0.05455868;6.1006524;0.0;76;0.6803067894736842;output/well_csv/F15_organoids.csv;LapaBini;42;76;0.5526315789473685;0.7763157894736843
95;95;1;F16;6;16;1;8;0.0;0.05455868;19.9883164;0.0;61;0.8081140163934425;output/well_csv/F16_organoids.csv;LapaBini;55;61;0.9016393442622951;1.2665886026541764
96;96;1;G01;7;1;1;8;0.0;0.01735958837356;0.004959882392447;0.0;73;0.6211457671232877;output/well_csv/G01_organoids.csv;LapaBini;35;73;0.4794520547945205;0.6735159817351598
97;97;1;G02;7;2;1;8;0.0;0.01735958805735;0.01735958805735;0.0;68;0.5194001720588235;output/well_csv/G02_organoids.csv;LapaBini;7;68;0.10294117647058823;0.1446078431372549
98;98;1;G03;7;3;1;8;0.0;0.01735958702327;0.05455870207314;0.0;76;0.548358482631579;output/well_csv/G03_organoids.csv;LapaBini;19;76;0.25;0.3511904761904762
99;99;1;G04;7;4;1;8;0.0;0.01735958364158;0.176075776936;0.0;63;0.5929319285714284;output/well_csv/G04_organoids.csv;LapaBini;8;63;0.12698412698412698;0.1783824640967498
100;100;1;G05;7;5;1;8;0.0;0.01735957258261;0.5951853456896;0.0;83;0.508000243373494;output/well_csv/G05_organoids.csv;LapaBini;7;83;0.08433734939759036;0.1184738955823293
101;101;1;G06;7;6;1;8;0.0;0.01735953641722;1.884749668155;0.0;100;0.564837068;output/well_csv/G06_organoids.csv;LapaBini;29;100;0.29;0.40738095238095234
102;102;1;G07;7;7;1;8;0.0;0.01735958;6.1006524;0.0;57;0.5390409070175439;output/well_csv/G07_organoids.csv;LapaBini;8;57;0.14035087719298245;0.1971595655806182
103;103;1;G08;7;8;1;8;0.0;0.01735958;19.9883164;0.0;64;0.4976137890625;output/well_csv/G08_organoids.csv;LapaBini;0;64;0.0;0.0
104;104;1;G09;7;9;1;8;0.0;0.01735958837356;0.004959882392447;0.0;81;0.5545516987654321;output/well_csv/G09_organoids.csv;LapaBini;24;81;0.2962962962962963;0.41622574955908287
105;105;1;G10;7;10;1;8;0.0;0.01735958805735;0.01735958805735;0.0;72;0.5523821547638889;output/well_csv/G10_organoids.csv;LapaBini;13;72;0.18055555555555555;0.25363756613756616
106;106;1;G11;7;11;1;8;0.0;0.01735958702327;0.05455870207314;0.0;74;0.5998342027027026;output/well_csv/G11_organoids.csv;LapaBini;16;74;0.21621621621621623;0.30373230373230375
107;107;1;G12;7;12;1;8;0.0;0.01735958364158;0.176075776936;0.0;61;0.5943127688524591;output/well_csv/G12_organoids.csv;LapaBini;17;61;0.2786885245901639;0.3914910226385636
108;108;1;G13;7;13;1;8;0.0;0.01735957258261;0.5951853456896;0.0;56;0.666820892857143;output/well_csv/G13_organoids.csv;LapaBini;33;56;0.5892857142857143;0.8278061224489797
109;109;1;G14;7;14;1;8;0.0;0.01735953641722;1.884749668155;0.0;80;0.6948008787500001;output/well_csv/G14_organoids.csv;LapaBini;53;80;0.6625;0.9306547619047619
110;110;1;G15;7;15;1;8;0.0;0.01735958;6.1006524;0.0;63;0.5583716031746032;output/well_csv/G15_organoids.csv;LapaBini;17;63;0.2698412698412698;0.37906273620559333
111;111;1;G16;7;16;1;8;0.0;0.01735958;19.9883164;0.0;57;0.6628293859649123;output/well_csv/G16_organoids.csv;LapaBini;27;57;0.47368421052631576;0.6654135338345865
112;112;1;H01;8;1;1;8;0.0;0.004959882482793;0.004959882482793;0.0;53;0.6824081509433961;output/well_csv/H01_organoids.csv;LapaBini;28;53;0.5283018867924528;0.7421383647798742
113;113;1;H02;8;2;1;8;0.0;0.004959882392447;0.01735958837356;0.0;48;0.6227739854166666;output/well_csv/H02_organoids.csv;LapaBini;17;48;0.3541666666666667;0.4975198412698413
114;114;1;H03;8;3;1;8;0.0;0.004959882096995;0.05455870306695;0.0;48;0.7410859375;output/well_csv/H03_organoids.csv;LapaBini;40;48;0.8333333333333334;1.1706349206349207
115;115;1;H04;8;4;1;8;0.0;0.004959881130796;0.1760757801432;0.0;54;0.6642982481481482;output/well_csv/H04_organoids.csv;LapaBini;31;54;0.5740740740740741;0.8064373897707231
116;116;1;H05;8;5;1;8;0.0;0.004959877971092;0.5951853565311;0.0;54;0.6380680537037037;output/well_csv/H05_organoids.csv;LapaBini;18;54;0.3333333333333333;0.46825396825396826
117;117;1;H06;8;6;1;8;0.0;0.004959867638122;1.884749702486;0.0;47;0.7359718446808511;output/well_csv/H06_organoids.csv;LapaBini;34;47;0.723404255319149;1.016210739614995
118;118;1;H07;8;7;1;8;0.0;0.00495988;6.1006524;0.0;62;0.5612093096774193;output/well_csv/H07_organoids.csv;LapaBini;16;62;0.25806451612903225;0.36251920122887865
119;119;1;H08;8;8;1;8;0.0;0.00495988;19.9883164;0.0;59;0.6659784237288137;output/well_csv/H08_organoids.csv;LapaBini;30;59;0.5084745762711864;0.7142857142857143
120;120;1;H09;8;9;1;8;0.0;0.004959882482793;0.004959882482793;0.0;44;0.7359057727272726;output/well_csv/H09_organoids.csv;LapaBini;36;44;0.8181818181818182;1.1493506493506493
121;121;1;H10;8;10;1;8;0.0;0.004959882392447;0.01735958837356;0.0;53;0.6559716603773584;output/well_csv/H10_organoids.csv;LapaBini;27;53;0.5094339622641509;0.715633423180593
122;122;1;H11;8;11;1;8;0.0;0.004959882096995;0.05455870306695;0.0;29;0.6157959655172414;output/well_csv/H11_organoids.csv;LapaBini;7;29;0.2413793103448276;0.339080459770115
123;123;1;H12;8;12;1;8;0.0;0.004959881130796;0.1760757801432;0.0;6;0.3941473333333333;output/well_csv/H12_organoids.csv;LapaBini;0;6;0.0;0.0
124;124;1;H13;8;13;1;8;0.0;0.004959877971092;0.5951853565311;0.0;44;0.7706764318181818;output/well_csv/H13_organoids.csv;LapaBini;34;44;0.7727272727272727;1.0854978354978355
125;125;1;H14;8;14;1;8;0.0;0.004959867638122;1.884749702486;0.0;81;0.6067575543209877;output/well_csv/H14_organoids.csv;LapaBini;36;81;0.4444444444444444;0.6243386243386243
126;126;1;H15;8;15;1;8;0.0;0.00495988;6.1006524;0.0;59;0.6930212016949152;output/well_csv/H15_organoids.csv;LapaBini;37;59;0.6271186440677966;0.8809523809523809
127;127;1;H16;8;16;1;8;0.0;0.00495988;19.9883164;0.0;53;0.5565265094339623;output/well_csv/H16_organoids.csv;LapaBini;11;53;0.20754716981132076;0.29155435759209347
128;128;1;A17;1;17;1;4;0.0;19.9883164;0.0;0.0;69;0.8743562608695652;output/well_csv/A17_organoids.csv;Lapa;67;69;0.9710144927536232;1.3640441683919944
129;129;1;A18;1;18;1;4;0.0;19.9883164;0.0;0.0;73;0.7416769726027397;output/well_csv/A18_organoids.csv;Lapa;54;73;0.7397260273972602;1.0391389432485323
130;130;1;B17;2;17;1;4;0.0;6.1006524;0.0;0.0;80;0.7449856374999999;output/well_csv/B17_organoids.csv;Lapa;60;80;0.75;1.0535714285714286
131;131;1;B18;2;18;1;4;0.0;6.1006524;0.0;0.0;88;0.6541602045454545;output/well_csv/B18_organoids.csv;Lapa;53;88;0.6022727272727273;0.8460497835497836
132;132;1;C17;3;17;1;4;0.0;1.884749717609;0.0;0.0;64;0.835419203125;output/well_csv/C17_organoids.csv;Lapa;60;64;0.9375;1.3169642857142858
133;133;1;C18;3;18;1;4;0.0;1.884749717609;0.0;0.0;69;0.8737193333333332;output/well_csv/C18_organoids.csv;Lapa;65;69;0.9420289855072463;1.323326432022084
134;134;1;D17;4;17;1;4;0.0;0.5951853613065;0.0;0.0;59;0.87028;output/well_csv/D17_organoids.csv;Lapa;57;59;0.9661016949152542;1.3571428571428572
135;135;1;D18;4;18;1;4;0.0;0.5951853613065;0.0;0.0;62;0.8772087096774193;output/well_csv/D18_organoids.csv;Lapa;62;62;1.0;1.4047619047619049
136;136;1;E17;5;17;1;4;0.0;0.176075781556;0.0;0.0;89;0.6230995;output/well_csv/E17_organoids.csv;Lapa;36;89;0.4044943820224719;0.5682182985553772
137;137;1;E18;5;18;1;4;0.0;0.176075781556;0.0;0.0;67;0.6535283432835821;output/well_csv/E18_organoids.csv;Lapa;31;67;0.4626865671641791;0.6499644633972992
138;138;1;F17;6;17;1;4;0.0;0.0545587035047;0.0;0.0;61;0.7159615737704917;output/well_csv/F17_organoids.csv;Lapa;40;61;0.6557377049180327;0.9211553473848555
139;139;1;F18;6;18;1;4;0.0;0.0545587035047;0.0;0.0;70;0.6078185142857142;output/well_csv/F18_organoids.csv;Lapa;24;70;0.34285714285714286;0.4816326530612245
140;140;1;G17;7;17;1;4;0.0;0.01735958851285;0.0;0.0;68;0.5954094102941176;output/well_csv/G17_organoids.csv;Lapa;19;68;0.27941176470588236;0.39250700280112044
141;141;1;G18;7;18;1;4;0.0;0.01735958851285;0.0;0.0;80;0.5738409124999999;output/well_csv/G18_organoids.csv;Lapa;25;80;0.3125;0.43898809523809523
142;142;1;H17;8;17;1;4;0.0;0.004959882522588;0.0;0.0;73;0.5113270323287671;output/well_csv/H17_organoids.csv;Lapa;12;73;0.1643835616438356;0.2309197651663405
143;143;1;H18;8;18;1;4;0.0;0.004959882522588;0.0;0.0;60;0.6247387833333333;output/well_csv/H18_organoids.csv;Lapa;15;60;0.25;0.3511904761904762
144;144;1;A19;1;19;1;6;0.0;0.0;19.9883164;0.0;77;0.6234792337662338;output/well_csv/A19_organoids.csv;Bini;23;77;0.2987012987012987;0.419604205318491
145;145;1;A20;1;20;1;6;0.0;0.0;19.9883164;0.0;76;0.6078774315789472;output/well_csv/A20_organoids.csv;Bini;17;76;0.2236842105263158;0.3142230576441103
146;146;1;B19;2;19;1;6;0.0;0.0;6.1006524;0.0;71;0.5802732154929576;output/well_csv/B19_organoids.csv;Bini;11;71;0.15492957746478872;0.21763916834339367
147;147;1;B20;2;20;1;6;0.0;0.0;6.1006524;0.0;68;0.5583769970588234;output/well_csv/B20_organoids.csv;Bini;9;68;0.1323529411764706;0.18592436974789917
148;148;1;C19;3;19;1;6;0.0;0.0;1.884749717609;0.0;65;0.8179220307692308;output/well_csv/C19_organoids.csv;Bini;60;65;0.9230769230769231;1.2967032967032968
149;149;1;C20;3;20;1;6;0.0;0.0;1.884749717609;0.0;57;0.8462968421052631;output/well_csv/C20_organoids.csv;Bini;54;57;0.9473684210526315;1.330827067669173
150;150;1;D19;4;19;1;6;0.0;0.0;0.5951853613065;0.0;63;0.8745579523809525;output/well_csv/D19_organoids.csv;Bini;62;63;0.9841269841269841;1.382464096749811
151;151;1;D20;4;20;1;6;0.0;0.0;0.5951853613065;0.0;67;0.7276616507462688;output/well_csv/D20_organoids.csv;Bini;46;67;0.6865671641791045;0.9644633972992182
152;152;1;E19;5;19;1;6;0.0;0.0;0.176075781556;0.0;49;0.8797373469387755;output/well_csv/E19_organoids.csv;Bini;46;49;0.9387755102040817;1.3187560738581148
153;153;1;E20;5;20;1;6;0.0;0.0;0.176075781556;0.0;72;0.6563881666666666;output/well_csv/E20_organoids.csv;Bini;39;72;0.5416666666666666;0.7609126984126984
154;154;1;F19;6;19;1;6;0.0;0.0;0.0545587035047;0.0;55;0.601595449090909;output/well_csv/F19_organoids.csv;Bini;9;55;0.16363636363636364;0.22987012987012986
155;155;1;F20;6;20;1;6;0.0;0.0;0.0545587035047;0.0;68;0.672066486764706;output/well_csv/F20_organoids.csv;Bini;36;68;0.5294117647058824;0.7436974789915967
156;156;1;G19;7;19;1;6;0.0;0.0;0.01735958851285;0.0;71;0.6120546929577465;output/well_csv/G19_organoids.csv;Bini;20;71;0.28169014084507044;0.39570757880617036
157;157;1;G20;7;20;1;6;0.0;0.0;0.01735958851285;0.0;67;0.5554599641791045;output/well_csv/G20_organoids.csv;Bini;12;67;0.1791044776119403;0.2515991471215352
158;158;1;H19;8;19;1;6;0.0;0.0;0.004959882522588;0.0;60;0.47886456;output/well_csv/H19_organoids.csv;Bini;2;60;0.03333333333333333;0.046825396825396826
159;159;1;H20;8;20;1;6;0.0;0.0;0.004959882522588;0.0;48;0.6227739854166666;output/well_csv/H20_organoids.csv;Bini;17;48;0.3541666666666667;0.4975198412698413
160;160;1;A21;1;21;1;3;19.9883164;0.0;0.0;0.0;100;0.506850845;output/well_csv/A21_organoids.csv;Navi;11;100;0.11;0.15452380952380954
161;161;1;A22;1;22;1;3;19.9883164;0.0;0.0;0.0;76;0.5111851447368421;output/well_csv/A22_organoids.csv;Navi;3;76;0.039473684210526314;0.05545112781954887
162;162;1;B21;2;21;1;3;6.1006524;0.0;0.0;0.0;86;0.424865111627907;output/well_csv/B21_organoids.csv;Navi;0;86;0.0;0.0
163;163;1;B22;2;22;1;3;6.1006524;0.0;0.0;0.0;66;0.5544307151515152;output/well_csv/B22_organoids.csv;Navi;5;66;0.07575757575757576;0.10642135642135643
164;164;1;C21;3;21;1;3;1.884749717609;0.0;0.0;0.0;72;0.7721172500000001;output/well_csv/C21_organoids.csv;Navi;57;72;0.7916666666666666;1.1121031746031746
165;165;1;C22;3;22;1;3;1.884749717609;0.0;0.0;0.0;54;0.8255666296296298;output/well_csv/C22_organoids.csv;Navi;50;54;0.9259259259259259;1.300705467372134
166;166;1;D21;4;21;1;3;0.5951853613065;0.0;0.0;0.0;53;0.8615981132075474;output/well_csv/D21_organoids.csv;Navi;51;53;0.9622641509433962;1.3517520215633423
167;167;1;D22;4;22;1;3;0.5951853613065;0.0;0.0;0.0;46;0.8489366739130432;output/well_csv/D22_organoids.csv;Navi;44;46;0.9565217391304348;1.3436853002070395
168;168;1;E21;5;21;1;3;0.176075781556;0.0;0.0;0.0;61;0.6453091639344262;output/well_csv/E21_organoids.csv;Navi;31;61;0.5081967213114754;0.7138953942232631
169;169;1;E22;5;22;1;3;0.176075781556;0.0;0.0;0.0;72;0.6662396805555555;output/well_csv/E22_organoids.csv;Navi;41;72;0.5694444444444444;0.7999338624338624
170;170;1;F21;6;21;1;3;0.0545587035047;0.0;0.0;0.0;47;0.8633647659574468;output/well_csv/F21_organoids.csv;Navi;46;47;0.9787234042553191;1.3748733535967579
171;171;1;F22;6;22;1;3;0.0545587035047;0.0;0.0;0.0;54;0.872750574074074;output/well_csv/F22_organoids.csv;Navi;53;54;0.9814814814814815;1.3787477954144622
172;172;1;G21;7;21;1;3;0.01735958851285;0.0;0.0;0.0;43;0.6955607604651163;output/well_csv/G21_organoids.csv;Navi;29;43;0.6744186046511628;0.9473975636766334
173;173;1;G22;7;22;1;3;0.01735958851285;0.0;0.0;0.0;68;0.5194001720588235;output/well_csv/G22_organoids.csv;Navi;7;68;0.10294117647058823;0.1446078431372549
174;174;1;H21;8;21;1;3;0.004959882522588;0.0;0.0;0.0;46;0.6268334999999999;output/well_csv/H21_organoids.csv;Navi;16;46;0.34782608695652173;0.4886128364389234
175;175;1;H22;8;22;1;3;0.004959882522588;0.0;0.0;0.0;43;0.5215902139534884;output/well_csv/H22_organoids.csv;Navi;4;43;0.09302325581395349;0.13067552602436322
176;176;1;A23;1;23;1;11;0.0;0.17607574;0.17607574;19.9883164;39;0.5971632179487179;output/well_csv/A23_organoids.csv;VinoLapa175Bini175;6;39;0.15384615384615385;0.21611721611721613
177;177;1;A24;1;24;1;11;0.0;0.17607574;0.17607574;19.9883164;89;0.5581411662921348;output/well_csv/A24_organoids.csv;VinoLapa175Bini175;8;89;0.0898876404494382;0.12627073301230604
178;178;1;B23;2;23;1;11;0.0;0.17607574;0.17607574;6.1006524;38;0.635383105263158;output/well_csv/B23_organoids.csv;VinoLapa175Bini175;13;38;0.34210526315789475;0.48057644110275693
179;179;1;B24;2;24;1;11;0.0;0.17607574;0.17607574;6.1006524;82;0.5101801585365854;output/well_csv/B24_organoids.csv;VinoLapa175Bini175;4;82;0.04878048780487805;0.06852497096399536
180;180;1;C23;3;23;1;11;0.0;0.1760752036748;0.1760752036748;1.884748659054;79;0.5655572531645569;output/well_csv/C23_organoids.csv;VinoLapa175Bini175;5;79;0.06329113924050633;0.08890898131404461
181;181;1;C24;3;24;1;11;0.0;0.1760752036748;0.1760752036748;1.884748659054;103;0.5628155048543689;output/well_csv/C24_organoids.csv;VinoLapa175Bini175;15;103;0.14563106796116504;0.2045769764216366
182;182;1;D23;4;23;1;11;0.0;0.1760755704948;0.1760755704948;0.5951850270246;81;0.5063321987654321;output/well_csv/D23_organoids.csv;VinoLapa175Bini175;9;81;0.1111111111111111;0.15608465608465608
183;183;1;D24;4;24;1;11;0.0;0.1760755704948;0.1760755704948;0.5951850270246;77;0.5328871815584415;output/well_csv/D24_organoids.csv;VinoLapa175Bini175;3;77;0.03896103896103896;0.05473098330241187
184;184;1;E23;5;23;1;11;0.0;0.1760756826641;0.1760756826641;0.1760756826641;127;0.4841348897637795;output/well_csv/E23_organoids.csv;VinoLapa175Bini175;8;127;0.06299212598425197;0.08848893888263967
185;185;1;E24;5;24;1;11;0.0;0.1760756826641;0.1760756826641;0.1760756826641;92;0.4680259532608696;output/well_csv/E24_organoids.csv;VinoLapa175Bini175;6;92;0.06521739130434782;0.09161490683229813
186;186;1;F23;6;23;1;11;0.0;0.1760757169642;0.1760757169642;0.05455867286214;80;0.5064791;output/well_csv/F23_organoids.csv;VinoLapa175Bini175;3;80;0.0375;0.05267857142857143
187;187;1;F24;6;24;1;11;0.0;0.1760757169642;0.1760757169642;0.05455867286214;82;0.5005686219512194;output/well_csv/F24_organoids.csv;VinoLapa175Bini175;3;82;0.036585365853658534;0.05139372822299652
188;188;1;G23;7;23;1;11;0.0;0.1760757274527;0.1760757274527;0.01735957876294;75;0.50983356;output/well_csv/G23_organoids.csv;VinoLapa175Bini175;4;75;0.05333333333333334;0.07492063492063493
189;189;1;G24;7;24;1;11;0.0;0.1760757274527;0.1760757274527;0.01735957876294;71;0.4846869014084508;output/well_csv/G24_organoids.csv;VinoLapa175Bini175;2;71;0.028169014084507043;0.039570757880617036
190;190;1;H23;8;23;1;11;0.0;0.17607573066;0.17607573066;0.004959879736901;64;0.50407315625;output/well_csv/H23_organoids.csv;VinoLapa175Bini175;2;64;0.03125;0.04389880952380953
191;191;1;H24;8;24;1;11;0.0;0.17607573066;0.17607573066;0.004959879736901;62;0.5369773870967742;output/well_csv/H24_organoids.csv;VinoLapa175Bini175;3;62;0.04838709677419355;0.06797235023041474
192;192;1;I01;9;1;1;9;0.0;19.9883164;0.00495988;0.11903712;77;0.5062209181818184;output/well_csv/I01_organoids.csv;LapaBiniVino120;9;77;0.11688311688311688;0.16419294990723562
193;193;1;I02;9;2;1;9;0.0;19.9883164;0.01735958;0.11903712;61;0.5394130131147541;output/well_csv/I02_organoids.csv;LapaBiniVino120;8;61;0.13114754098360656;0.18423106947697113
194;194;1;I03;9;3;1;9;0.0;19.9883164;0.05455868;0.11903712;52;0.5666821115384616;output/well_csv/I03_organoids.csv;LapaBiniVino120;7;52;0.1346153846153846;0.1891025641025641
195;195;1;I04;9;4;1;9;0.0;19.9883164;0.17607574;0.11903712;52;0.5179342500000002;output/well_csv/I04_organoids.csv;LapaBiniVino120;3;52;0.057692307692307696;0.08104395604395605
196;196;1;I05;9;5;1;9;0.0;19.9883164;0.5951856;0.11903712;62;0.5415228870967743;output/well_csv/I05_organoids.csv;LapaBiniVino120;6;62;0.0967741935483871;0.1359447004608295
197;197;1;I06;9;6;1;9;0.0;19.9883164;1.8847544;0.11903712;59;0.4871654745762712;output/well_csv/I06_organoids.csv;LapaBiniVino120;0;59;0.0;0.0
198;198;1;I07;9;7;1;9;0.0;19.9883164;6.1006524;0.11903712;59;0.4646860508474576;output/well_csv/I07_organoids.csv;LapaBiniVino120;1;59;0.01694915254237288;0.023809523809523808
199;199;1;I08;9;8;1;9;0.0;19.9883164;19.9883164;0.11903712;73;0.5305254232876713;output/well_csv/I08_organoids.csv;LapaBiniVino120;5;73;0.0684931506849315;0.09621656881930854
200;200;1;I09;9;9;1;9;0.0;19.9883164;0.00495988;0.11903712;63;0.5154011269841269;output/well_csv/I09_organoids.csv;LapaBiniVino120;2;63;0.031746031746031744;0.04459561602418745
201;201;1;I10;9;10;1;9;0.0;19.9883164;0.01735958;0.11903712;43;0.5261718837209303;output/well_csv/I10_organoids.csv;LapaBiniVino120;2;43;0.046511627906976744;0.06533776301218161
202;202;1;I11;9;11;1;9;0.0;19.9883164;0.05455868;0.11903712;43;0.4516487441860465;output/well_csv/I11_organoids.csv;LapaBiniVino120;1;43;0.023255813953488372;0.032668881506090805
203;203;1;I12;9;12;1;9;0.0;19.9883164;0.17607574;0.11903712;48;0.4000252916666666;output/well_csv/I12_organoids.csv;LapaBiniVino120;0;48;0.0;0.0
204;204;1;I13;9;13;1;9;0.0;19.9883164;0.5951856;0.11903712;44;0.3725119772727273;output/well_csv/I13_organoids.csv;LapaBiniVino120;0;44;0.0;0.0
205;205;1;I14;9;14;1;9;0.0;19.9883164;1.8847544;0.11903712;64;0.5448834890625001;output/well_csv/I14_organoids.csv;LapaBiniVino120;10;64;0.15625;0.21949404761904762
206;206;1;I15;9;15;1;9;0.0;19.9883164;6.1006524;0.11903712;70;0.5245516571428569;output/well_csv/I15_organoids.csv;LapaBiniVino120;6;70;0.08571428571428572;0.12040816326530612
207;207;1;I16;9;16;1;9;0.0;19.9883164;19.9883164;0.11903712;69;0.540785663768116;output/well_csv/I16_organoids.csv;LapaBiniVino120;5;69;0.07246376811594203;0.10179434092477571
208;208;1;J01;10;1;1;9;0.0;6.1006524;0.00495988;0.11903712;39;0.6102415128205129;output/well_csv/J01_organoids.csv;LapaBiniVino120;11;39;0.28205128205128205;0.3962148962148962
209;209;1;J02;10;2;1;9;0.0;6.1006524;0.01735958;0.11903712;79;0.4968638468354431;output/well_csv/J02_organoids.csv;LapaBiniVino120;7;79;0.08860759493670886;0.12447257383966245
210;210;1;J03;10;3;1;9;0.0;6.1006524;0.05455868;0.11903712;34;0.6028759705882354;output/well_csv/J03_organoids.csv;LapaBiniVino120;8;34;0.23529411764705882;0.33053221288515405
211;211;1;J04;10;4;1;9;0.0;6.1006524;0.17607574;0.11903712;58;0.560296848275862;output/well_csv/J04_organoids.csv;LapaBiniVino120;10;58;0.1724137931034483;0.24220032840722497
212;212;1;J05;10;5;1;9;0.0;6.1006524;0.5951856;0.11903712;47;0.5849860212765957;output/well_csv/J05_organoids.csv;LapaBiniVino120;7;47;0.14893617021276595;0.20921985815602837
213;213;1;J06;10;6;1;9;0.0;6.1006524;1.8847544;0.11903712;28;0.6610014642857144;output/well_csv/J06_organoids.csv;LapaBiniVino120;12;28;0.42857142857142855;0.6020408163265306
214;214;1;J07;10;7;1;9;0.0;6.1006524;6.1006524;0.11903712;56;0.5990721428571428;output/well_csv/J07_organoids.csv;LapaBiniVino120;10;56;0.17857142857142858;0.25085034013605445
215;215;1;J08;10;8;1;9;0.0;6.1006524;19.9883164;0.11903712;74;0.5476985364864864;output/well_csv/J08_organoids.csv;LapaBiniVino120;7;74;0.0945945945945946;0.13288288288288289
216;216;1;J09;10;9;1;9;0.0;6.1006524;0.00495988;0.11903712;57;0.5549514743859649;output/well_csv/J09_organoids.csv;LapaBiniVino120;5;57;0.08771929824561403;0.12322472848788638
217;217;1;J10;10;10;1;9;0.0;6.1006524;0.01735958;0.11903712;69;0.5689523913043478;output/well_csv/J10_organoids.csv;LapaBiniVino120;11;69;0.15942028985507245;0.22394755003450653
218;218;1;J11;10;11;1;9;0.0;6.1006524;0.05455868;0.11903712;60;0.5974976666666667;output/well_csv/J11_organoids.csv;LapaBiniVino120;7;60;0.11666666666666667;0.1638888888888889
219;219;1;J12;10;12;1;9;0.0;6.1006524;0.17607574;0.11903712;62;0.5697994951612904;output/well_csv/J12_organoids.csv;LapaBiniVino120;4;62;0.06451612903225806;0.09062980030721966
220;220;1;J13;10;13;1;9;0.0;6.1006524;0.5951856;0.11903712;71;0.5118503835211268;output/well_csv/J13_organoids.csv;LapaBiniVino120;3;71;0.04225352112676056;0.059356136820925554
221;221;1;J14;10;14;1;9;0.0;6.1006524;1.8847544;0.11903712;61;0.4988844081967213;output/well_csv/J14_organoids.csv;LapaBiniVino120;6;61;0.09836065573770492;0.13817330210772832
222;222;1;J15;10;15;1;9;0.0;6.1006524;6.1006524;0.11903712;74;0.5082211621621621;output/well_csv/J15_organoids.csv;LapaBiniVino120;4;74;0.05405405405405406;0.07593307593307594
223;223;1;J16;10;16;1;9;0.0;6.1006524;19.9883164;0.11903712;74;0.4836034837837837;output/well_csv/J16_organoids.csv;LapaBiniVino120;3;74;0.04054054054054054;0.056949806949806954
224;224;1;K01;11;1;1;9;0.0;1.884749339553;0.004959866683035;0.1190368003928;43;0.5514839069767442;output/well_csv/K01_organoids.csv;LapaBiniVino120;2;43;0.046511627906976744;0.06533776301218161
225;225;1;K02;11;2;1;9;0.0;1.884749305222;0.01735953307441;0.1190367982246;6;0.5951504999999999;output/well_csv/K02_organoids.csv;LapaBiniVino120;1;6;0.16666666666666666;0.23412698412698413
226;226;1;K03;11;3;1;9;0.0;1.884749192951;0.05455852926964;0.1190367911338;25;0.54310232;output/well_csv/K03_organoids.csv;LapaBiniVino120;3;25;0.12;0.16857142857142857
227;227;1;K04;11;4;1;9;0.0;1.884748825798;0.1760752192522;0.1190367679451;32;0.5994866875;output/well_csv/K04_organoids.csv;LapaBiniVino120;8;32;0.25;0.3511904761904762
228;228;1;K05;11;5;1;9;0.0;1.884747625118;0.5951834605636;0.1190366921127;44;0.6824720681818183;output/well_csv/K05_organoids.csv;LapaBiniVino120;21;44;0.4772727272727273;0.6704545454545455
229;229;1;K06;11;6;1;9;0.0;1.884743698614;1.884743698614;0.119036444123;43;0.6734315116279072;output/well_csv/K06_organoids.csv;LapaBiniVino120;19;43;0.4418604651162791;0.6207087486157253
230;230;1;K07;11;7;1;9;0.0;1.8847544;6.1006524;0.11903712;50;0.430580524;output/well_csv/K07_organoids.csv;LapaBiniVino120;1;50;0.02;0.028095238095238097
231;231;1;K08;11;8;1;9;0.0;1.8847544;19.9883164;0.11903712;33;0.653273;output/well_csv/K08_organoids.csv;LapaBiniVino120;15;33;0.45454545454545453;0.6385281385281385
232;232;1;K09;11;9;1;9;0.0;1.884749339553;0.004959866683035;0.1190368003928;59;0.4861339491525423;output/well_csv/K09_organoids.csv;LapaBiniVino120;1;59;0.01694915254237288;0.023809523809523808
233;233;1;K10;11;10;1;9;0.0;1.884749305222;0.01735953307441;0.1190367982246;67;0.5150557522388058;output/well_csv/K10_organoids.csv;LapaBiniVino120;7;67;0.1044776119402985;0.14676616915422885
234;234;1;K11;11;11;1;9;0.0;1.884749192951;0.05455852926964;0.1190367911338;66;0.5207264696969697;output/well_csv/K11_organoids.csv;LapaBiniVino120;3;66;0.045454545454545456;0.06385281385281386
235;235;1;K12;11;12;1;9;0.0;1.884748825798;0.1760752192522;0.1190367679451;62;0.469906564516129;output/well_csv/K12_organoids.csv;LapaBiniVino120;2;62;0.03225806451612903;0.04531490015360983
236;236;1;K13;11;13;1;9;0.0;1.884747625118;0.5951834605636;0.1190366921127;57;0.477546149122807;output/well_csv/K13_organoids.csv;LapaBiniVino120;2;57;0.03508771929824561;0.04928989139515455
237;237;1;K14;11;14;1;9;0.0;1.884743698614;1.884743698614;0.119036444123;50;0.479642546;output/well_csv/K14_organoids.csv;LapaBiniVino120;2;50;0.04;0.05619047619047619
238;238;1;K15;11;15;1;9;0.0;1.8847544;6.1006524;0.11903712;88;0.4078647113636364;output/well_csv/K15_organoids.csv;LapaBiniVino120;1;88;0.011363636363636364;0.015963203463203464
239;239;1;K16;11;16;1;9;0.0;1.8847544;19.9883164;0.11903712;65;0.4583886923076922;output/well_csv/K16_organoids.csv;LapaBiniVino120;0;65;0.0;0.0
240;240;1;L01;12;1;1;9;0.0;0.5951852419201;0.004959877016001;0.119037048384;48;0.5483870833333334;output/well_csv/L01_organoids.csv;LapaBiniVino120;5;48;0.10416666666666667;0.1463293650793651
241;241;1;L02;12;2;1;9;0.0;0.5951852310786;0.01735956923979;0.1190370462157;59;0.7737763220338982;output/well_csv/L02_organoids.csv;LapaBiniVino120;52;59;0.8813559322033898;1.2380952380952381
242;242;1;L03;12;3;1;9;0.0;0.5951851956245;0.05455864293224;0.1190370391249;5;0.6618482;output/well_csv/L03_organoids.csv;LapaBiniVino120;2;5;0.4;0.5619047619047619
243;243;1;L04;12;4;1;9;0.0;0.5951850796808;0.1760755860722;0.1190370159362;32;0.450627875;output/well_csv/L04_organoids.csv;LapaBiniVino120;2;32;0.0625;0.08779761904761905
244;244;1;L05;12;5;1;9;0.0;0.5951847005172;0.5951847005172;0.1190369401034;41;0.4834847878048781;output/well_csv/L05_organoids.csv;LapaBiniVino120;2;41;0.04878048780487805;0.06852497096399536
245;245;1;L06;12;6;1;9;0.0;0.5951834605636;1.884747625118;0.1190366921127;51;0.5955405490196078;output/well_csv/L06_organoids.csv;LapaBiniVino120;9;51;0.17647058823529413;0.24789915966386555
246;246;1;L07;12;7;1;9;0.0;0.5951856;6.1006524;0.11903712;36;0.5060373333333332;output/well_csv/L07_organoids.csv;LapaBiniVino120;2;36;0.05555555555555555;0.07804232804232804
247;247;1;L08;12;8;1;9;0.0;0.5951856;19.9883164;0.11903712;38;0.453590747368421;output/well_csv/L08_organoids.csv;LapaBiniVino120;2;38;0.05263157894736842;0.07393483709273183
248;248;1;L09;12;9;1;9;0.0;0.5951852419201;0.004959877016001;0.119037048384;43;0.4730592093023255;output/well_csv/L09_organoids.csv;LapaBiniVino120;3;43;0.06976744186046512;0.09800664451827243
249;249;1;L10;12;10;1;9;0.0;0.5951852310786;0.01735956923979;0.1190370462157;40;0.4213513949999999;output/well_csv/L10_organoids.csv;LapaBiniVino120;1;40;0.025;0.03511904761904762
250;250;1;L11;12;11;1;9;0.0;0.5951851956245;0.05455864293224;0.1190370391249;48;0.4212430333333333;output/well_csv/L11_organoids.csv;LapaBiniVino120;2;48;0.041666666666666664;0.05853174603174603
251;251;1;L12;12;12;1;9;0.0;0.5951850796808;0.1760755860722;0.1190370159362;46;0.4509686217391304;output/well_csv/L12_organoids.csv;LapaBiniVino120;1;46;0.021739130434782608;0.030538302277432712
252;252;1;L13;12;13;1;9;0.0;0.5951847005172;0.5951847005172;0.1190369401034;73;0.5864648493150685;output/well_csv/L13_organoids.csv;LapaBiniVino120;14;73;0.1917808219178082;0.2694063926940639
253;253;1;L14;12;14;1;9;0.0;0.5951834605636;1.884747625118;0.1190366921127;34;0.5230934647058824;output/well_csv/L14_organoids.csv;LapaBiniVino120;4;34;0.11764705882352941;0.16526610644257703
254;254;1;L15;12;15;1;9;0.0;0.5951856;6.1006524;0.11903712;50;0.5051781139999999;output/well_csv/L15_organoids.csv;LapaBiniVino120;2;50;0.04;0.05619047619047619
255;255;1;L16;12;16;1;9;0.0;0.5951856;19.9883164;0.11903712;53;0.4294843452830188;output/well_csv/L16_organoids.csv;LapaBiniVino120;3;53;0.05660377358490566;0.07951482479784366
256;256;1;M01;13;1;1;9;0.0;0.1760757462375;0.004959880175703;0.1190371242169;44;0.4951346454545454;output/well_csv/M01_organoids.csv;LapaBiniVino120;1;44;0.022727272727272728;0.03192640692640693
257;257;1;M02;13;2;1;9;0.0;0.1760757430302;0.01735958029875;0.1190371220486;44;0.7653116590909093;output/well_csv/M02_organoids.csv;LapaBiniVino120;37;44;0.8409090909090909;1.1812770562770563
258;258;1;M03;13;3;1;9;0.0;0.1760757325417;0.05455867768897;0.1190371149577;29;0.5501683793103449;output/well_csv/M03_organoids.csv;LapaBiniVino120;3;29;0.10344827586206896;0.14532019704433496
259;259;1;M04;13;4;1;9;0.0;0.1760756982416;0.1760756982416;0.119037091769;30;0.433119916;output/well_csv/M04_organoids.csv;LapaBiniVino120;0;30;0.0;0.0
260;260;1;M05;13;5;1;9;0.0;0.1760755860722;0.5951850796808;0.1190370159362;42;0.6358914523809522;output/well_csv/M05_organoids.csv;LapaBiniVino120;12;42;0.2857142857142857;0.4013605442176871
261;261;1;M06;13;6;1;9;0.0;0.1760752192522;1.884748825798;0.1190367679451;41;0.4745521195121951;output/well_csv/M06_organoids.csv;LapaBiniVino120;1;41;0.024390243902439025;0.03426248548199768
262;262;1;M07;13;7;1;9;0.0;0.17607574;6.1006524;0.11903712;47;0.4645097872340425;output/well_csv/M07_organoids.csv;LapaBiniVino120;2;47;0.0425531914893617;0.05977710233029382
263;263;1;M08;13;8;1;9;0.0;0.17607574;19.9883164;0.11903712;37;0.5108044027027026;output/well_csv/M08_organoids.csv;LapaBiniVino120;2;37;0.05405405405405406;0.07593307593307594
264;264;1;M09;13;9;1;9;0.0;0.1760757462375;0.004959880175703;0.1190371242169;35;0.4755880285714287;output/well_csv/M09_organoids.csv;LapaBiniVino120;1;35;0.02857142857142857;0.04013605442176871
265;265;1;M10;13;10;1;9;0.0;0.1760757430302;0.01735958029875;0.1190371220486;42;0.4994360547619046;output/well_csv/M10_organoids.csv;LapaBiniVino120;4;42;0.09523809523809523;0.13378684807256236
266;266;1;M11;13;11;1;9;0.0;0.1760757325417;0.05455867768897;0.1190371149577;47;0.481001170212766;output/well_csv/M11_organoids.csv;LapaBiniVino120;2;47;0.0425531914893617;0.05977710233029382
267;267;1;M12;13;12;1;9;0.0;0.1760756982416;0.1760756982416;0.119037091769;37;0.4718009729729729;output/well_csv/M12_organoids.csv;LapaBiniVino120;3;37;0.08108108108108109;0.11389961389961391
268;268;1;M13;13;13;1;9;0.0;0.1760755860722;0.5951850796808;0.1190370159362;33;0.5831692757575757;output/well_csv/M13_organoids.csv;LapaBiniVino120;5;33;0.15151515151515152;0.21284271284271286
269;269;1;M14;13;14;1;9;0.0;0.1760752192522;1.884748825798;0.1190367679451;50;0.447225676;output/well_csv/M14_organoids.csv;LapaBiniVino120;3;50;0.06;0.08428571428571428
270;270;1;M15;13;15;1;9;0.0;0.17607574;6.1006524;0.11903712;37;0.4466232162162162;output/well_csv/M15_organoids.csv;LapaBiniVino120;0;37;0.0;0.0
271;271;1;M16;13;16;1;9;0.0;0.17607574;19.9883164;0.11903712;41;0.4411390975609756;output/well_csv/M16_organoids.csv;LapaBiniVino120;0;41;0.0;0.0
272;272;1;N01;14;1;1;9;0.0;0.05455869256092;0.004959881141902;0.1190371474056;65;0.6189450615384616;output/well_csv/N01_organoids.csv;LapaBiniVino120;20;65;0.3076923076923077;0.43223443223443225
273;273;1;N02;14;2;1;9;0.0;0.05455869156712;0.01735958368045;0.1190371452374;67;0.5020335223880595;output/well_csv/N02_organoids.csv;LapaBiniVino120;2;67;0.029850746268656716;0.04193319118692253
274;274;1;N03;14;3;1;9;0.0;0.05455868831715;0.05455868831715;0.1190371381465;33;0.6151364848484848;output/well_csv/N03_organoids.csv;LapaBiniVino120;9;33;0.2727272727272727;0.3831168831168831
275;275;1;N04;14;4;1;9;0.0;0.05455867768897;0.1760757325417;0.1190371149577;36;0.5560145555555556;output/well_csv/N04_organoids.csv;LapaBiniVino120;7;36;0.19444444444444445;0.27314814814814814
276;276;1;N05;14;5;1;9;0.0;0.05455864293224;0.5951851956245;0.1190370391249;66;0.5723923939393939;output/well_csv/N05_organoids.csv;LapaBiniVino120;8;66;0.12121212121212122;0.17027417027417027
277;277;1;N06;14;6;1;9;0.0;0.05455852926964;1.884749192951;0.1190367911338;44;0.5377460909090909;output/well_csv/N06_organoids.csv;LapaBiniVino120;6;44;0.13636363636363635;0.19155844155844154
278;278;1;N07;14;7;1;9;0.0;0.05455868;6.1006524;0.11903712;36;0.533438275;output/well_csv/N07_organoids.csv;LapaBiniVino120;3;36;0.08333333333333333;0.11706349206349206
279;279;1;N08;14;8;1;9;0.0;0.05455868;19.9883164;0.11903712;18;0.6257028333333332;output/well_csv/N08_organoids.csv;LapaBiniVino120;5;18;0.2777777777777778;0.39021164021164023
280;280;1;N09;14;9;1;9;0.0;0.05455869256092;0.004959881141902;0.1190371474056;33;0.5085193121212122;output/well_csv/N09_organoids.csv;LapaBiniVino120;5;33;0.15151515151515152;0.21284271284271286
281;281;1;N10;14;10;1;9;0.0;0.05455869156712;0.01735958368045;0.1190371452374;40;0.484849625;output/well_csv/N10_organoids.csv;LapaBiniVino120;1;40;0.025;0.03511904761904762
282;282;1;N11;14;11;1;9;0.0;0.05455868831715;0.05455868831715;0.1190371381465;4;0.7386145;output/well_csv/N11_organoids.csv;LapaBiniVino120;2;4;0.5;0.7023809523809524
283;283;1;N12;14;12;1;9;0.0;0.05455867768897;0.1760757325417;0.1190371149577;28;0.490355107142857;output/well_csv/N12_organoids.csv;LapaBiniVino120;2;28;0.07142857142857142;0.10034013605442177
284;284;1;N13;14;13;1;9;0.0;0.05455864293224;0.5951851956245;0.1190370391249;31;0.4242887096774194;output/well_csv/N13_organoids.csv;LapaBiniVino120;1;31;0.03225806451612903;0.04531490015360983
285;285;1;N14;14;14;1;9;0.0;0.05455852926964;1.884749192951;0.1190367911338;39;0.4854361307692307;output/well_csv/N14_organoids.csv;LapaBiniVino120;4;39;0.10256410256410256;0.14407814407814407
286;286;1;N15;14;15;1;9;0.0;0.05455868;6.1006524;0.11903712;17;0.4933448941176471;output/well_csv/N15_organoids.csv;LapaBiniVino120;2;17;0.11764705882352941;0.16526610644257703
287;287;1;N16;14;16;1;9;0.0;0.05455868;19.9883164;0.11903712;45;0.4596098222222223;output/well_csv/N16_organoids.csv;LapaBiniVino120;0;45;0.0;0.0
288;288;1;O01;15;1;1;9;0.0;0.01735958503074;0.004959881437354;0.1190371544965;54;0.4695310555555555;output/well_csv/O01_organoids.csv;LapaBiniVino120;0;54;0.0;0.0
289;289;1;O02;15;2;1;9;0.0;0.01735958471453;0.01735958471453;0.1190371523282;37;0.6979112162162162;output/well_csv/O02_organoids.csv;LapaBiniVino120;23;37;0.6216216216216216;0.8732303732303732
290;290;1;O03;15;3;1;9;0.0;0.01735958368045;0.05455869156712;0.1190371452374;59;0.4540086745762712;output/well_csv/O03_organoids.csv;LapaBiniVino120;2;59;0.03389830508474576;0.047619047619047616
291;291;1;O04;15;4;1;9;0.0;0.01735958029875;0.1760757430302;0.1190371220486;24;0.567132475;output/well_csv/O04_organoids.csv;LapaBiniVino120;3;24;0.125;0.1755952380952381
292;292;1;O05;15;5;1;9;0.0;0.01735956923979;0.5951852310786;0.1190370462157;52;0.445456173076923;output/well_csv/O05_organoids.csv;LapaBiniVino120;1;52;0.019230769230769232;0.027014652014652016
293;293;1;O06;15;6;1;9;0.0;0.01735953307441;1.884749305222;0.1190367982246;51;0.4648676901960785;output/well_csv/O06_organoids.csv;LapaBiniVino120;2;51;0.0392156862745098;0.055088702147525676
294;294;1;O07;15;7;1;9;0.0;0.01735958;6.1006524;0.11903712;33;0.5037807878787879;output/well_csv/O07_organoids.csv;LapaBiniVino120;3;33;0.09090909090909091;0.1277056277056277
295;295;1;O08;15;8;1;9;0.0;0.01735958;19.9883164;0.11903712;33;0.5639647575757576;output/well_csv/O08_organoids.csv;LapaBiniVino120;3;33;0.09090909090909091;0.1277056277056277
296;296;1;O09;15;9;1;9;0.0;0.01735958503074;0.004959881437354;0.1190371544965;33;0.5073393030303031;output/well_csv/O09_organoids.csv;LapaBiniVino120;5;33;0.15151515151515152;0.21284271284271286
297;297;1;O10;15;10;1;9;0.0;0.01735958471453;0.01735958471453;0.1190371523282;27;0.4953438851851852;output/well_csv/O10_organoids.csv;LapaBiniVino120;2;27;0.07407407407407407;0.10405643738977072
298;298;1;O11;15;11;1;9;0.0;0.01735958368045;0.05455869156712;0.1190371452374;36;0.5111902777777778;output/well_csv/O11_organoids.csv;LapaBiniVino120;2;36;0.05555555555555555;0.07804232804232804
299;299;1;O12;15;12;1;9;0.0;0.01735958029875;0.1760757430302;0.1190371220486;22;0.5488387272727272;output/well_csv/O12_organoids.csv;LapaBiniVino120;3;22;0.13636363636363635;0.19155844155844154
300;300;1;O13;15;13;1;9;0.0;0.01735956923979;0.5951852310786;0.1190370462157;26;0.547351;output/well_csv/O13_organoids.csv;LapaBiniVino120;3;26;0.11538461538461539;0.1620879120879121
301;301;1;O14;15;14;1;9;0.0;0.01735953307441;1.884749305222;0.1190367982246;38;0.51962225;output/well_csv/O14_organoids.csv;LapaBiniVino120;3;38;0.07894736842105263;0.11090225563909774
302;302;1;O15;15;15;1;9;0.0;0.01735958;6.1006524;0.11903712;34;0.5129592941176471;output/well_csv/O15_organoids.csv;LapaBiniVino120;3;34;0.08823529411764706;0.12394957983193278
303;303;1;O16;15;16;1;9;0.0;0.01735958;19.9883164;0.11903712;48;0.4351575437499999;output/well_csv/O16_organoids.csv;LapaBiniVino120;2;48;0.041666666666666664;0.05853174603174603
304;304;1;P01;16;1;1;9;0.0;0.004959881527699;0.004959881527699;0.1190371566648;72;0.4897447249999999;output/well_csv/P01_organoids.csv;LapaBiniVino120;3;72;0.041666666666666664;0.05853174603174603
305;305;1;P02;16;2;1;9;0.0;0.004959881437354;0.01735958503074;0.1190371544965;65;0.4921793246153846;output/well_csv/P02_organoids.csv;LapaBiniVino120;3;65;0.046153846153846156;0.06483516483516484
306;306;1;P03;16;3;1;9;0.0;0.004959881141902;0.05455869256092;0.1190371474056;56;0.5058583571428571;output/well_csv/P03_organoids.csv;LapaBiniVino120;4;56;0.07142857142857142;0.10034013605442177
307;307;1;P04;16;4;1;9;0.0;0.004959880175703;0.1760757462375;0.1190371242169;44;0.5475873181818182;output/well_csv/P04_organoids.csv;LapaBiniVino120;3;44;0.06818181818181818;0.09577922077922077
308;308;1;P05;16;5;1;9;0.0;0.004959877016001;0.5951852419201;0.119037048384;53;0.5363568528301887;output/well_csv/P05_organoids.csv;LapaBiniVino120;5;53;0.09433962264150944;0.13252470799640612
309;309;1;P06;16;6;1;9;0.0;0.004959866683035;1.884749339553;0.1190368003928;48;0.5416912500000001;output/well_csv/P06_organoids.csv;LapaBiniVino120;6;48;0.125;0.1755952380952381
310;310;1;P07;16;7;1;9;0.0;0.00495988;6.1006524;0.11903712;40;0.4859157625;output/well_csv/P07_organoids.csv;LapaBiniVino120;2;40;0.05;0.07023809523809524
311;311;1;P08;16;8;1;9;0.0;0.00495988;19.9883164;0.11903712;57;0.5147881052631578;output/well_csv/P08_organoids.csv;LapaBiniVino120;5;57;0.08771929824561403;0.12322472848788638
312;312;1;P09;16;9;1;9;0.0;0.004959881527699;0.004959881527699;0.1190371566648;53;0.5460822264150943;output/well_csv/P09_organoids.csv;LapaBiniVino120;7;53;0.1320754716981132;0.18553459119496854
313;313;1;P10;16;10;1;9;0.0;0.004959881437354;0.01735958503074;0.1190371544965;42;0.5505671047619047;output/well_csv/P10_organoids.csv;LapaBiniVino120;4;42;0.09523809523809523;0.13378684807256236
314;314;1;P11;16;11;1;9;0.0;0.004959881141902;0.05455869256092;0.1190371474056;50;0.53430062;output/well_csv/P11_organoids.csv;LapaBiniVino120;4;50;0.08;0.11238095238095239
315;315;1;P12;16;12;1;9;0.0;0.004959880175703;0.1760757462375;0.1190371242169;38;0.4946890894736842;output/well_csv/P12_organoids.csv;LapaBiniVino120;5;38;0.13157894736842105;0.18483709273182958
316;316;1;P13;16;13;1;9;0.0;0.004959877016001;0.5951852419201;0.119037048384;44;0.5190143386363636;output/well_csv/P13_organoids.csv;LapaBiniVino120;4;44;0.09090909090909091;0.1277056277056277
317;317;1;P14;16;14;1;9;0.0;0.004959866683035;1.884749339553;0.1190368003928;48;0.51468639375;output/well_csv/P14_organoids.csv;LapaBiniVino120;4;48;0.08333333333333333;0.11706349206349206
318;318;1;P15;16;15;1;9;0.0;0.00495988;6.1006524;0.11903712;47;0.5389929638297872;output/well_csv/P15_organoids.csv;LapaBiniVino120;4;47;0.0851063829787234;0.11955420466058764
319;319;1;P16;16;16;1;9;0.0;0.00495988;19.9883164;0.11903712;44;0.5592161818181819;output/well_csv/P16_organoids.csv;LapaBiniVino120;8;44;0.18181818181818182;0.2554112554112554
320;320;1;I17;9;17;1;5;0.0;19.9883164;0.0;0.11903712;52;0.5352915961538461;output/well_csv/I17_organoids.csv;LapaVino120;4;52;0.07692307692307693;0.10805860805860806
321;321;1;I18;9;18;1;5;0.0;19.9883164;0.0;0.11903712;63;0.5450686825396825;output/well_csv/I18_organoids.csv;LapaVino120;10;63;0.15873015873015872;0.22297808012093726
322;322;1;J17;10;17;1;5;0.0;6.1006524;0.0;0.11903712;69;0.5468041333333333;output/well_csv/J17_organoids.csv;LapaVino120;8;69;0.11594202898550725;0.16287094547964115
323;323;1;J18;10;18;1;5;0.0;6.1006524;0.0;0.11903712;72;0.5013128194444444;output/well_csv/J18_organoids.csv;LapaVino120;2;72;0.027777777777777776;0.03902116402116402
324;324;1;K17;11;17;1;5;0.0;1.884749354675;0.0;0.1190368013479;57;0.5911990701754387;output/well_csv/K17_organoids.csv;LapaVino120;10;57;0.17543859649122806;0.24644945697577275
325;325;1;K18;11;18;1;5;0.0;1.884749354675;0.0;0.1190368013479;62;0.446110979032258;output/well_csv/K18_organoids.csv;LapaVino120;3;62;0.04838709677419355;0.06797235023041474
326;326;1;L17;12;17;1;5;0.0;0.5951852466955;0.0;0.1190370493391;58;0.4850578896551724;output/well_csv/L17_organoids.csv;LapaVino120;5;58;0.08620689655172414;0.12110016420361248
327;327;1;L18;12;18;1;5;0.0;0.5951852466955;0.0;0.1190370493391;50;0.45144359;output/well_csv/L18_organoids.csv;LapaVino120;1;50;0.02;0.028095238095238097
328;328;1;M17;13;17;1;5;0.0;0.1760757476502;0.0;0.119037125172;68;0.4026870852941176;output/well_csv/M17_organoids.csv;LapaVino120;1;68;0.014705882352941176;0.02065826330532213
329;329;1;M18;13;18;1;5;0.0;0.1760757476502;0.0;0.119037125172;37;0.4740224810810811;output/well_csv/M18_organoids.csv;LapaVino120;4;37;0.10810810810810811;0.15186615186615188
330;330;1;N17;14;17;1;5;0.0;0.05455869299867;0.0;0.1190371483607;51;0.413834994117647;output/well_csv/N17_organoids.csv;LapaVino120;1;51;0.0196078431372549;0.027544351073762838
331;331;1;N18;14;18;1;5;0.0;0.05455869299867;0.0;0.1190371483607;31;0.4789466451612904;output/well_csv/N18_organoids.csv;LapaVino120;4;31;0.12903225806451613;0.18125960061443933
332;332;1;O17;15;17;1;5;0.0;0.01735958517002;0.0;0.1190371554516;28;0.5619919107142858;output/well_csv/O17_organoids.csv;LapaVino120;6;28;0.21428571428571427;0.3010204081632653
333;333;1;O18;15;18;1;5;0.0;0.01735958517002;0.0;0.1190371554516;43;0.5164613255813953;output/well_csv/O18_organoids.csv;LapaVino120;7;43;0.16279069767441862;0.22868217054263568
334;334;1;P17;16;17;1;5;0.0;0.004959881567495;0.0;0.1190371576199;43;0.5650007604651164;output/well_csv/P17_organoids.csv;LapaVino120;11;43;0.2558139534883721;0.3593576965669989
335;335;1;P18;16;18;1;5;0.0;0.004959881567495;0.0;0.1190371576199;47;0.5306901468085107;output/well_csv/P18_organoids.csv;LapaVino120;6;47;0.1276595744680851;0.17933130699088146
336;336;1;I19;9;19;1;7;0.0;0.0;19.9883164;0.11903712;55;0.4477834818181817;output/well_csv/I19_organoids.csv;BiniVino120;3;55;0.05454545454545454;0.07662337662337662
337;337;1;I20;9;20;1;7;0.0;0.0;19.9883164;0.11903712;74;0.4908481621621621;output/well_csv/I20_organoids.csv;BiniVino120;2;74;0.02702702702702703;0.03796653796653797
338;338;1;J19;10;19;1;7;0.0;0.0;6.1006524;0.11903712;57;0.497733649122807;output/well_csv/J19_organoids.csv;BiniVino120;0;57;0.0;0.0
339;339;1;J20;10;20;1;7;0.0;0.0;6.1006524;0.11903712;73;0.4547456397260274;output/well_csv/J20_organoids.csv;BiniVino120;3;73;0.0410958904109589;0.057729941291585124
340;340;1;K19;11;19;1;7;0.0;0.0;1.884749354675;0.1190368013479;48;0.4779981558333333;output/well_csv/K19_organoids.csv;BiniVino120;6;48;0.125;0.1755952380952381
341;341;1;K20;11;20;1;7;0.0;0.0;1.884749354675;0.1190368013479;51;0.5567225843137255;output/well_csv/K20_organoids.csv;BiniVino120;12;51;0.23529411764705882;0.33053221288515405
342;342;1;L19;12;19;1;7;0.0;0.0;0.5951852466955;0.1190370493391;47;0.4771738276595744;output/well_csv/L19_organoids.csv;BiniVino120;4;47;0.0851063829787234;0.11955420466058764
343;343;1;L20;12;20;1;7;0.0;0.0;0.5951852466955;0.1190370493391;38;0.4494238694736843;output/well_csv/L20_organoids.csv;BiniVino120;1;38;0.02631578947368421;0.03696741854636591
344;344;1;M19;13;19;1;7;0.0;0.0;0.1760757476502;0.119037125172;41;0.5078453414634146;output/well_csv/M19_organoids.csv;BiniVino120;2;41;0.04878048780487805;0.06852497096399536
345;345;1;M20;13;20;1;7;0.0;0.0;0.1760757476502;0.119037125172;41;0.4304149024390243;output/well_csv/M20_organoids.csv;BiniVino120;2;41;0.04878048780487805;0.06852497096399536
346;346;1;N19;14;19;1;7;0.0;0.0;0.05455869299867;0.1190371483607;41;0.4486967243902439;output/well_csv/N19_organoids.csv;BiniVino120;0;41;0.0;0.0
347;347;1;N20;14;20;1;7;0.0;0.0;0.05455869299867;0.1190371483607;67;0.5020335223880595;output/well_csv/N20_organoids.csv;BiniVino120;2;67;0.029850746268656716;0.04193319118692253
348;348;1;O19;15;19;1;7;0.0;0.0;0.01735958517002;0.1190371554516;35;0.4722773114285714;output/well_csv/O19_organoids.csv;BiniVino120;3;35;0.08571428571428572;0.12040816326530612
349;349;1;O20;15;20;1;7;0.0;0.0;0.01735958517002;0.1190371554516;32;0.482054446875;output/well_csv/O20_organoids.csv;BiniVino120;1;32;0.03125;0.04389880952380953
350;350;1;P19;16;19;1;7;0.0;0.0;0.004959881567495;0.1190371576199;53;0.4759707735849057;output/well_csv/P19_organoids.csv;BiniVino120;2;53;0.03773584905660377;0.053009883198562445
351;351;1;P20;16;20;1;7;0.0;0.0;0.004959881567495;0.1190371576199;46;0.489708456521739;output/well_csv/P20_organoids.csv;BiniVino120;4;46;0.08695652173913043;0.12215320910973085
352;352;1;I21;9;21;1;2;10.0189576;0.0;0.0;0.0;68;0.5333476470588235;output/well_csv/I21_organoids.csv;Pos_ctrl;8;68;0.11764705882352941;0.16526610644257703
353;353;1;I22;9;22;1;2;10.0189576;0.0;0.0;0.0;59;0.5157139491525423;output/well_csv/I22_organoids.csv;Pos_ctrl;2;59;0.03389830508474576;0.047619047619047616
354;354;1;J21;10;21;1;2;10.0189576;0.0;0.0;0.0;52;0.50776035;output/well_csv/J21_organoids.csv;Pos_ctrl;2;52;0.038461538461538464;0.05402930402930403
355;355;1;J22;10;22;1;2;10.0189576;0.0;0.0;0.0;79;0.4968638468354431;output/well_csv/J22_organoids.csv;Pos_ctrl;7;79;0.08860759493670886;0.12447257383966245
356;356;1;K21;11;21;1;2;10.0189576;0.0;0.0;0.0;84;0.5005789488095237;output/well_csv/K21_organoids.csv;Pos_ctrl;3;84;0.03571428571428571;0.050170068027210885
357;357;1;K22;11;22;1;2;10.0189576;0.0;0.0;0.0;6;0.5951504999999999;output/well_csv/K22_organoids.csv;Pos_ctrl;1;6;0.16666666666666666;0.23412698412698413
358;358;1;L21;12;21;1;2;10.0189576;0.0;0.0;0.0;58;0.4757037655172413;output/well_csv/L21_organoids.csv;Pos_ctrl;2;58;0.034482758620689655;0.048440065681444995
359;359;1;L22;12;22;1;2;10.0189576;0.0;0.0;0.0;59;0.46559075;output/well_csv/L22_organoids.csv;Pos_ctrl;2;59;0.03389830508474576;0.047619047619047616
360;360;1;I23;9;23;1;1;0.0;0.0;0.0;0.0;46;0.636055597826087;output/well_csv/I23_organoids.csv;Neg_ctrl;19;46;0.41304347826086957;0.5802277432712215
361;361;1;I24;9;24;1;1;0.0;0.0;0.0;0.0;52;0.7038864480769232;output/well_csv/I24_organoids.csv;Neg_ctrl;30;52;0.5769230769230769;0.8104395604395603
362;362;1;J23;10;23;1;1;0.0;0.0;0.0;0.0;41;0.6415944146341463;output/well_csv/J23_organoids.csv;Neg_ctrl;22;41;0.5365853658536586;0.7537746806039489
363;363;1;J24;10;24;1;1;0.0;0.0;0.0;0.0;50;0.6531157660000001;output/well_csv/J24_organoids.csv;Neg_ctrl;27;50;0.54;0.7585714285714287
364;364;1;K23;11;23;1;1;0.0;0.0;0.0;0.0;38;0.6940385263157894;output/well_csv/K23_organoids.csv;Neg_ctrl;24;38;0.631578947368421;0.8872180451127819
365;365;1;K24;11;24;1;1;0.0;0.0;0.0;0.0;49;0.7270772653061225;output/well_csv/K24_organoids.csv;Neg_ctrl;40;49;0.8163265306122449;1.1467444120505346
366;366;1;L23;12;23;1;1;0.0;0.0;0.0;0.0;59;0.7737763220338982;output/well_csv/L23_organoids.csv;Neg_ctrl;52;59;0.8813559322033898;1.2380952380952381
367;367;1;L24;12;24;1;1;0.0;0.0;0.0;0.0;42;0.8334897142857142;output/well_csv/L24_organoids.csv;Neg_ctrl;38;42;0.9047619047619048;1.2709750566893425
368;368;1;M23;13;23;1;1;0.0;0.0;0.0;0.0;44;0.7653116590909093;output/well_csv/M23_organoids.csv;Neg_ctrl;37;44;0.8409090909090909;1.1812770562770563
369;369;1;M24;13;24;1;1;0.0;0.0;0.0;0.0;54;0.677861561111111;output/well_csv/M24_organoids.csv;Neg_ctrl;37;54;0.6851851851851852;0.9625220458553793
370;370;1;N23;14;23;1;1;0.0;0.0;0.0;0.0;45;0.64217904;output/well_csv/N23_organoids.csv;Neg_ctrl;23;45;0.5111111111111111;0.717989417989418
371;371;1;N24;14;24;1;1;0.0;0.0;0.0;0.0;36;0.6802289166666667;output/well_csv/N24_organoids.csv;Neg_ctrl;23;36;0.6388888888888888;0.8974867724867724
372;372;1;O23;15;23;1;1;0.0;0.0;0.0;0.0;37;0.6979112162162162;output/well_csv/O23_organoids.csv;Neg_ctrl;23;37;0.6216216216216216;0.8732303732303732
373;373;1;O24;15;24;1;1;0.0;0.0;0.0;0.0;44;0.7576090227272726;output/well_csv/O24_organoids.csv;Neg_ctrl;39;44;0.8863636363636364;1.24512987012987
374;374;1;P23;16;23;1;1;0.0;0.0;0.0;0.0;45;0.7517660444444445;output/well_csv/P23_organoids.csv;Neg_ctrl;38;45;0.8444444444444444;1.1862433862433863
375;375;1;P24;16;24;1;1;0.0;0.0;0.0;0.0;39;0.7870679743589744;output/well_csv/P24_organoids.csv;Neg_ctrl;32;39;0.8205128205128205;1.1526251526251525
376;376;1;M21;13;21;1;10;0.0;0.0;0.0;0.119037158575;41;0.4516741463414634;output/well_csv/M21_organoids.csv;Vino120;2;41;0.04878048780487805;0.06852497096399536
377;377;1;M22;13;22;1;10;0.0;0.0;0.0;0.119037158575;52;0.452510923076923;output/well_csv/M22_organoids.csv;Vino120;3;52;0.057692307692307696;0.08104395604395605
378;378;1;N21;14;21;1;10;0.0;0.0;0.0;0.119037158575;36;0.478580388888889;output/well_csv/N21_organoids.csv;Vino120;6;36;0.16666666666666666;0.23412698412698413
379;379;1;N22;14;22;1;10;0.0;0.0;0.0;0.119037158575;31;0.4630966129032258;output/well_csv/N22_organoids.csv;Vino120;0;31;0.0;0.0
380;380;1;O21;15;21;1;10;0.0;0.0;0.0;0.119037158575;43;0.4695327976744186;output/well_csv/O21_organoids.csv;Vino120;5;43;0.11627906976744186;0.16334440753045404
381;381;1;O22;15;22;1;10;0.0;0.0;0.0;0.119037158575;33;0.5017682121212121;output/well_csv/O22_organoids.csv;Vino120;2;33;0.06060606060606061;0.08513708513708514
382;382;1;P21;16;21;1;10;0.0;0.0;0.0;0.119037158575;35;0.5210264000000001;output/well_csv/P21_organoids.csv;Vino120;4;35;0.11428571428571428;0.16054421768707483
383;383;1;P22;16;22;1;10;0.0;0.0;0.0;0.119037158575;41;0.5271899999999999;output/well_csv/P22_organoids.csv;Vino120;3;41;0.07317073170731707;0.10278745644599303
