;index;Unnamed: 0;ScreenName;ScreenID;PlateName;PlateID;MeasurementDate;MeasurementID;WellName;Row;Column;Field;Timepoint;Object Number;X;Y;Bounding Box;mean_intensity;cell_round;cell_area;object_no;cond_name
0;0;0;210429_E21-002_RAS16-synergy;4255;CELLBIO-LAB009;4605;2021-04-29T14:00:02Z;4655;I21;9;21;1;1;1;873;31;[839,6,892,63];2454.7;0.411367;1822.68;2;Pos_ctrl
1;1;1;210429_E21-002_RAS16-synergy;4255;CELLBIO-LAB009;4605;2021-04-29T14:00:02Z;4655;I21;9;21;1;1;2;1172;30;[1133,14,1195,54];2453.56;0.483274;1512.87;3;Pos_ctrl
2;2;2;210429_E21-002_RAS16-synergy;4255;CELLBIO-LAB009;4605;2021-04-29T14:00:02Z;4655;I21;9;21;1;1;3;600;78;[580,56,623,132];2831.4;0.700334;2103.75;4;Pos_ctrl
3;3;3;210429_E21-002_RAS16-synergy;4255;CELLBIO-LAB009;4605;2021-04-29T14:00:02Z;4655;I21;9;21;1;1;4;651;113;[607,71,695,172];3369.73;0.617723;6044.01;5;Pos_ctrl
4;4;4;210429_E21-002_RAS16-synergy;4255;CELLBIO-LAB009;4605;2021-04-29T14:00:02Z;4655;I21;9;21;1;1;5;1500;201;[1407,140,1563,265];2756.79;0.577384;12407.4;7;Pos_ctrl
5;5;5;210429_E21-002_RAS16-synergy;4255;CELLBIO-LAB009;4605;2021-04-29T14:00:02Z;4655;I21;9;21;1;1;6;62;290;[14,257,110,330];2434.79;0.50974;4322.47;8;Pos_ctrl
6;6;6;210429_E21-002_RAS16-synergy;4255;CELLBIO-LAB009;4605;2021-04-29T14:00:02Z;4655;I21;9;21;1;1;7;801;304;[747,272,831,346];3117.25;0.516041;3922.17;9;Pos_ctrl
7;7;7;210429_E21-002_RAS16-synergy;4255;CELLBIO-LAB009;4605;2021-04-29T14:00:02Z;4655;I21;9;21;1;1;8;1453;331;[1403,292,1498,398];2869.66;0.576666;6203.71;10;Pos_ctrl
8;8;8;210429_E21-002_RAS16-synergy;4255;CELLBIO-LAB009;4605;2021-04-29T14:00:02Z;4655;I21;9;21;1;1;9;1884;355;[1820,295,1932,405];2682.87;0.535037;7638.85;11;Pos_ctrl
9;9;9;210429_E21-002_RAS16-synergy;4255;CELLBIO-LAB009;4605;2021-04-29T14:00:02Z;4655;I21;9;21;1;1;10;1352;370;[1325,339,1404,404];2715.28;0.49117;3462.24;12;Pos_ctrl
10;10;10;210429_E21-002_RAS16-synergy;4255;CELLBIO-LAB009;4605;2021-04-29T14:00:02Z;4655;I21;9;21;1;1;11;173;371;[152,352,195,403];2595.67;0.787047;1401.08;13;Pos_ctrl
11;11;11;210429_E21-002_RAS16-synergy;4255;CELLBIO-LAB009;4605;2021-04-29T14:00:02Z;4655;I21;9;21;1;1;12;209;441;[145,386,303,547];2779.4;0.416527;9311.42;14;Pos_ctrl
12;12;12;210429_E21-002_RAS16-synergy;4255;CELLBIO-LAB009;4605;2021-04-29T14:00:02Z;4655;I21;9;21;1;1;13;777;445;[748,410,799,472];2906.91;0.426043;1947.24;15;Pos_ctrl
13;13;13;210429_E21-002_RAS16-synergy;4255;CELLBIO-LAB009;4605;2021-04-29T14:00:02Z;4655;I21;9;21;1;1;14;1518;455;[1474,417,1558,500];3034.83;0.704609;5098.6;16;Pos_ctrl
14;14;14;210429_E21-002_RAS16-synergy;4255;CELLBIO-LAB009;4605;2021-04-29T14:00:02Z;4655;I21;9;21;1;1;15;644;457;[582,426,710,500];2978.19;0.376873;5634.12;17;Pos_ctrl
15;15;15;210429_E21-002_RAS16-synergy;4255;CELLBIO-LAB009;4605;2021-04-29T14:00:02Z;4655;I21;9;21;1;1;16;322;488;[288,469,353,510];2566.2;0.590398;1722.6;18;Pos_ctrl
16;16;16;210429_E21-002_RAS16-synergy;4255;CELLBIO-LAB009;4605;2021-04-29T14:00:02Z;4655;I21;9;21;1;1;17;639;504;[622,481,658,526];2875.47;0.649707;1137.04;19;Pos_ctrl
17;17;17;210429_E21-002_RAS16-synergy;4255;CELLBIO-LAB009;4605;2021-04-29T14:00:02Z;4655;I21;9;21;1;1;18;1259;528;[1224,492,1293,576];2750.64;0.608505;4335.25;20;Pos_ctrl
18;18;18;210429_E21-002_RAS16-synergy;4255;CELLBIO-LAB009;4605;2021-04-29T14:00:02Z;4655;I21;9;21;1;1;19;1815;541;[1794,516,1838,568];2651.64;0.34795;1442.6;21;Pos_ctrl
19;19;19;210429_E21-002_RAS16-synergy;4255;CELLBIO-LAB009;4605;2021-04-29T14:00:02Z;4655;I21;9;21;1;1;20;854;616;[794,553,930,669];3549.86;0.643537;10117.4;22;Pos_ctrl
20;20;20;210429_E21-002_RAS16-synergy;4255;CELLBIO-LAB009;4605;2021-04-29T14:00:02Z;4655;I21;9;21;1;1;21;690;618;[629,560,718,651];2802.07;0.536767;4980.43;23;Pos_ctrl
21;21;21;210429_E21-002_RAS16-synergy;4255;CELLBIO-LAB009;4605;2021-04-29T14:00:02Z;4655;I21;9;21;1;1;22;66;613;[11,563,115,659];2223.59;0.534228;6774.36;24;Pos_ctrl
22;22;22;210429_E21-002_RAS16-synergy;4255;CELLBIO-LAB009;4605;2021-04-29T14:00:02Z;4655;I21;9;21;1;1;23;1155;608;[1125,564,1185,651];2812.77;0.565423;3653.87;25;Pos_ctrl
23;23;23;210429_E21-002_RAS16-synergy;4255;CELLBIO-LAB009;4605;2021-04-29T14:00:02Z;4655;I21;9;21;1;1;24;144;596;[124,577,164,622];2339.42;0.658032;1206.25;26;Pos_ctrl
24;24;24;210429_E21-002_RAS16-synergy;4255;CELLBIO-LAB009;4605;2021-04-29T14:00:02Z;4655;I21;9;21;1;1;25;735;632;[707,590,772,670];2739.23;0.513842;2897.97;27;Pos_ctrl
25;25;25;210429_E21-002_RAS16-synergy;4255;CELLBIO-LAB009;4605;2021-04-29T14:00:02Z;4655;I21;9;21;1;1;26;1433;635;[1399,604,1498,669];2844.21;0.533472;4042.47;28;Pos_ctrl
26;26;26;210429_E21-002_RAS16-synergy;4255;CELLBIO-LAB009;4605;2021-04-29T14:00:02Z;4655;I21;9;21;1;1;27;1034;699;[957,646,1085,751];2843.81;0.633728;10029.0;29;Pos_ctrl
27;27;27;210429_E21-002_RAS16-synergy;4255;CELLBIO-LAB009;4605;2021-04-29T14:00:02Z;4655;I21;9;21;1;1;28;1966;722;[1931,693,2008,763];2359.78;0.525469;3415.39;30;Pos_ctrl
28;28;28;210429_E21-002_RAS16-synergy;4255;CELLBIO-LAB009;4605;2021-04-29T14:00:02Z;4655;I21;9;21;1;1;29;802;722;[777,681,841,765];2157.57;0.213887;2656.3;31;Pos_ctrl
29;29;29;210429_E21-002_RAS16-synergy;4255;CELLBIO-LAB009;4605;2021-04-29T14:00:02Z;4655;I21;9;21;1;1;30;702;749;[650,717,735,795];2713.27;0.581122;3894.49;32;Pos_ctrl
30;30;30;210429_E21-002_RAS16-synergy;4255;CELLBIO-LAB009;4605;2021-04-29T14:00:02Z;4655;I21;9;21;1;1;31;328;793;[206,718,413,885];3208.09;0.547974;19989.8;33;Pos_ctrl
31;31;31;210429_E21-002_RAS16-synergy;4255;CELLBIO-LAB009;4605;2021-04-29T14:00:02Z;4655;I21;9;21;1;1;32;66;776;[19,757,83,792];2194.72;0.596131;1504.35;34;Pos_ctrl
32;32;32;210429_E21-002_RAS16-synergy;4255;CELLBIO-LAB009;4605;2021-04-29T14:00:02Z;4655;I21;9;21;1;1;33;474;803;[451,767,526,858];2493.62;0.560382;3647.49;35;Pos_ctrl
33;33;33;210429_E21-002_RAS16-synergy;4255;CELLBIO-LAB009;4605;2021-04-29T14:00:02Z;4655;I21;9;21;1;1;34;552;831;[506,774,598,899];2643.67;0.538052;7450.41;36;Pos_ctrl
34;34;34;210429_E21-002_RAS16-synergy;4255;CELLBIO-LAB009;4605;2021-04-29T14:00:02Z;4655;I21;9;21;1;1;35;872;855;[809,815,911,891];2424.85;0.546822;5715.03;38;Pos_ctrl
35;35;35;210429_E21-002_RAS16-synergy;4255;CELLBIO-LAB009;4605;2021-04-29T14:00:02Z;4655;I21;9;21;1;1;36;701;878;[648,825,769,953];2891.94;0.63097;9998.12;39;Pos_ctrl
36;36;36;210429_E21-002_RAS16-synergy;4255;CELLBIO-LAB009;4605;2021-04-29T14:00:02Z;4655;I21;9;21;1;1;37;1097;1009;[1049,915,1168,1065];3101.86;0.606711;10594.3;40;Pos_ctrl
37;37;37;210429_E21-002_RAS16-synergy;4255;CELLBIO-LAB009;4605;2021-04-29T14:00:02Z;4655;I21;9;21;1;1;38;428;1069;[350,983,518,1143];3546.4;0.78313;17945.7;42;Pos_ctrl
38;38;38;210429_E21-002_RAS16-synergy;4255;CELLBIO-LAB009;4605;2021-04-29T14:00:02Z;4655;I21;9;21;1;1;39;1430;1027;[1378,997,1470,1061];2436.75;0.440714;3723.08;43;Pos_ctrl
39;39;39;210429_E21-002_RAS16-synergy;4255;CELLBIO-LAB009;4605;2021-04-29T14:00:02Z;4655;I21;9;21;1;1;40;1786;1089;[1744,1034,1871,1121];2546.32;0.499109;6682.8;44;Pos_ctrl
40;40;40;210429_E21-002_RAS16-synergy;4255;CELLBIO-LAB009;4605;2021-04-29T14:00:02Z;4655;I21;9;21;1;1;41;1163;1163;[1098,1116,1231,1214];2656.65;0.546669;8736.51;45;Pos_ctrl
41;41;41;210429_E21-002_RAS16-synergy;4255;CELLBIO-LAB009;4605;2021-04-29T14:00:02Z;4655;I21;9;21;1;1;42;792;1152;[769,1129,828,1178];2381.97;0.512087;1972.79;46;Pos_ctrl
42;42;42;210429_E21-002_RAS16-synergy;4255;CELLBIO-LAB009;4605;2021-04-29T14:00:02Z;4655;I21;9;21;1;1;43;1535;1202;[1505,1165,1568,1227];2305.5;0.47558;2399.72;47;Pos_ctrl
43;43;43;210429_E21-002_RAS16-synergy;4255;CELLBIO-LAB009;4605;2021-04-29T14:00:02Z;4655;I21;9;21;1;1;44;386;1231;[347,1180,439,1269];2319.45;0.442327;4325.67;48;Pos_ctrl
44;44;44;210429_E21-002_RAS16-synergy;4255;CELLBIO-LAB009;4605;2021-04-29T14:00:02Z;4655;I21;9;21;1;1;45;255;1329;[202,1275,307,1396];3380.61;0.752653;9053.77;49;Pos_ctrl
45;45;45;210429_E21-002_RAS16-synergy;4255;CELLBIO-LAB009;4605;2021-04-29T14:00:02Z;4655;I21;9;21;1;1;46;2031;1355;[1998,1316,2055,1381];2233.1;0.539104;2003.67;50;Pos_ctrl
46;46;46;210429_E21-002_RAS16-synergy;4255;CELLBIO-LAB009;4605;2021-04-29T14:00:02Z;4655;I21;9;21;1;1;47;682;1375;[643,1336,723,1432];2568.81;0.590623;5052.82;51;Pos_ctrl
47;47;47;210429_E21-002_RAS16-synergy;4255;CELLBIO-LAB009;4605;2021-04-29T14:00:02Z;4655;I21;9;21;1;1;48;1982;1357;[1950,1341,2004,1374];2319.22;0.744438;1458.57;52;Pos_ctrl
48;48;48;210429_E21-002_RAS16-synergy;4255;CELLBIO-LAB009;4605;2021-04-29T14:00:02Z;4655;I21;9;21;1;1;49;1842;1389;[1814,1362,1883,1441];2505.48;0.607417;3450.53;53;Pos_ctrl
49;49;49;210429_E21-002_RAS16-synergy;4255;CELLBIO-LAB009;4605;2021-04-29T14:00:02Z;4655;I21;9;21;1;1;50;1962;1416;[1920,1377,2028,1463];2560.7;0.594585;6075.95;54;Pos_ctrl
50;50;50;210429_E21-002_RAS16-synergy;4255;CELLBIO-LAB009;4605;2021-04-29T14:00:02Z;4655;I21;9;21;1;1;51;1838;1442;[1782,1421,1871,1463];2293.37;0.538225;2454.02;55;Pos_ctrl
51;51;51;210429_E21-002_RAS16-synergy;4255;CELLBIO-LAB009;4605;2021-04-29T14:00:02Z;4655;I21;9;21;1;1;52;1616;1470;[1568,1442,1637,1493];2425.5;0.487351;2391.2;56;Pos_ctrl
52;52;52;210429_E21-002_RAS16-synergy;4255;CELLBIO-LAB009;4605;2021-04-29T14:00:02Z;4655;I21;9;21;1;1;53;1057;1615;[1000,1540,1118,1674];2948.84;0.730481;11191.6;57;Pos_ctrl
53;53;53;210429_E21-002_RAS16-synergy;4255;CELLBIO-LAB009;4605;2021-04-29T14:00:02Z;4655;I21;9;21;1;1;54;1337;1591;[1313,1548,1383,1615];2340.29;0.529327;2742.54;58;Pos_ctrl
54;54;54;210429_E21-002_RAS16-synergy;4255;CELLBIO-LAB009;4605;2021-04-29T14:00:02Z;4655;I21;9;21;1;1;55;502;1590;[462,1552,577,1679];2910.99;0.542625;9340.16;59;Pos_ctrl
55;55;55;210429_E21-002_RAS16-synergy;4255;CELLBIO-LAB009;4605;2021-04-29T14:00:02Z;4655;I21;9;21;1;1;56;662;1590;[639,1566,697,1620];2313.77;0.423721;1904.66;60;Pos_ctrl
56;56;56;210429_E21-002_RAS16-synergy;4255;CELLBIO-LAB009;4605;2021-04-29T14:00:02Z;4655;I21;9;21;1;1;57;1426;1593;[1395,1572,1443,1624];2015.51;0.398282;1297.81;61;Pos_ctrl
57;57;57;210429_E21-002_RAS16-synergy;4255;CELLBIO-LAB009;4605;2021-04-29T14:00:02Z;4655;I21;9;21;1;1;58;241;1703;[169,1646,279,1748];2471.46;0.469041;6182.42;62;Pos_ctrl
58;58;58;210429_E21-002_RAS16-synergy;4255;CELLBIO-LAB009;4605;2021-04-29T14:00:02Z;4655;I21;9;21;1;1;59;1926;1834;[1862,1779,1996,1894];2908.49;0.791288;11987.9;63;Pos_ctrl
59;59;59;210429_E21-002_RAS16-synergy;4255;CELLBIO-LAB009;4605;2021-04-29T14:00:02Z;4655;I21;9;21;1;1;60;2090;1836;[2038,1808,2118,1864];2822.62;0.661362;3179.04;64;Pos_ctrl
60;60;60;210429_E21-002_RAS16-synergy;4255;CELLBIO-LAB009;4605;2021-04-29T14:00:02Z;4655;I21;9;21;1;1;61;756;1864;[724,1827,799,1924];2353.65;0.560516;4743.01;65;Pos_ctrl
61;61;61;210429_E21-002_RAS16-synergy;4255;CELLBIO-LAB009;4605;2021-04-29T14:00:02Z;4655;I21;9;21;1;1;62;880;2064;[833,2017,929,2106];2522.23;0.642688;5425.45;67;Pos_ctrl
62;62;62;210429_E21-002_RAS16-synergy;4255;CELLBIO-LAB009;4605;2021-04-29T14:00:02Z;4655;I21;9;21;1;1;63;2161;2105;[2131,2072,2194,2131];2193.3;0.551373;1857.81;68;Pos_ctrl
63;63;63;210429_E21-002_RAS16-synergy;4255;CELLBIO-LAB009;4605;2021-04-29T14:00:02Z;4655;I21;9;21;1;1;64;1290;137;[1276,86,1381,148];2153.72;0.155028;1134.92;69;Pos_ctrl
64;64;64;210429_E21-002_RAS16-synergy;4255;CELLBIO-LAB009;4605;2021-04-29T14:00:02Z;4655;I21;9;21;1;1;65;1691;400;[1628,394,1775,418];2140.25;0.117611;1320.16;70;Pos_ctrl
65;65;65;210429_E21-002_RAS16-synergy;4255;CELLBIO-LAB009;4605;2021-04-29T14:00:02Z;4655;I21;9;21;1;1;66;1692;486;[1632,478,1772,497];2149.02;0.256054;1446.86;71;Pos_ctrl
66;66;66;210429_E21-002_RAS16-synergy;4255;CELLBIO-LAB009;4605;2021-04-29T14:00:02Z;4655;I21;9;21;1;1;67;1700;594;[1692,583,1774,653];2148.46;0.126896;1048.68;72;Pos_ctrl
67;67;67;210429_E21-002_RAS16-synergy;4255;CELLBIO-LAB009;4605;2021-04-29T14:00:02Z;4655;I21;9;21;1;1;68;277;188;[229,140,331,247];2213.39;0.464391;7866.69;73;Pos_ctrl
68;0;0;210429_E21-002_RAS16-synergy;4255;CELLBIO-LAB009;4605;2021-04-29T14:00:02Z;4655;I22;9;22;1;1;1;1837;769;[1797,743,1867,822];1998.83;0.2487;2952.27;1;Pos_ctrl
69;1;1;210429_E21-002_RAS16-synergy;4255;CELLBIO-LAB009;4605;2021-04-29T14:00:02Z;4655;I22;9;22;1;1;2;533;69;[492,30,575,105];2506.09;0.659168;3813.57;3;Pos_ctrl
70;2;2;210429_E21-002_RAS16-synergy;4255;CELLBIO-LAB009;4605;2021-04-29T14:00:02Z;4655;I22;9;22;1;1;3;1153;133;[1096,69,1218,255];2779.33;0.494853;13177.2;4;Pos_ctrl
71;3;3;210429_E21-002_RAS16-synergy;4255;CELLBIO-LAB009;4605;2021-04-29T14:00:02Z;4655;I22;9;22;1;1;4;565;113;[523,82,593,142];2640.28;0.631924;2948.01;5;Pos_ctrl
72;4;4;210429_E21-002_RAS16-synergy;4255;CELLBIO-LAB009;4605;2021-04-29T14:00:02Z;4655;I22;9;22;1;1;5;966;106;[947,89,1038,162];2398.93;0.389866;3091.74;6;Pos_ctrl
73;5;5;210429_E21-002_RAS16-synergy;4255;CELLBIO-LAB009;4605;2021-04-29T14:00:02Z;4655;I22;9;22;1;1;6;211;189;[146,137,260,236];2939.65;0.644465;6913.83;7;Pos_ctrl
74;6;6;210429_E21-002_RAS16-synergy;4255;CELLBIO-LAB009;4605;2021-04-29T14:00:02Z;4655;I22;9;22;1;1;7;1082;187;[1041,142,1132,221];2885.11;0.712525;4536.47;8;Pos_ctrl
75;7;7;210429_E21-002_RAS16-synergy;4255;CELLBIO-LAB009;4605;2021-04-29T14:00:02Z;4655;I22;9;22;1;1;8;532;195;[495,150,605,251];2536.29;0.520449;6291.01;9;Pos_ctrl
76;8;8;210429_E21-002_RAS16-synergy;4255;CELLBIO-LAB009;4605;2021-04-29T14:00:02Z;4655;I22;9;22;1;1;9;567;229;[549,208,593,258];2466.76;0.583717;1516.06;10;Pos_ctrl
77;9;9;210429_E21-002_RAS16-synergy;4255;CELLBIO-LAB009;4605;2021-04-29T14:00:02Z;4655;I22;9;22;1;1;10;1085;266;[1044,240,1115,295];2615.26;0.689654;2893.72;11;Pos_ctrl
78;10;10;210429_E21-002_RAS16-synergy;4255;CELLBIO-LAB009;4605;2021-04-29T14:00:02Z;4655;I22;9;22;1;1;11;1038;282;[1018,262,1063,302];2802.89;0.676216;1309.52;12;Pos_ctrl
79;11;11;210429_E21-002_RAS16-synergy;4255;CELLBIO-LAB009;4605;2021-04-29T14:00:02Z;4655;I22;9;22;1;1;12;310;319;[272,279,388,363];2583.26;0.389984;4589.7;13;Pos_ctrl
80;12;12;210429_E21-002_RAS16-synergy;4255;CELLBIO-LAB009;4605;2021-04-29T14:00:02Z;4655;I22;9;22;1;1;13;2018;357;[1980,312,2077,415];2519.86;0.569894;6454.97;14;Pos_ctrl
81;13;13;210429_E21-002_RAS16-synergy;4255;CELLBIO-LAB009;4605;2021-04-29T14:00:02Z;4655;I22;9;22;1;1;14;1529;365;[1472,338,1558,405];2235.87;0.392621;3369.61;16;Pos_ctrl
82;14;14;210429_E21-002_RAS16-synergy;4255;CELLBIO-LAB009;4605;2021-04-29T14:00:02Z;4655;I22;9;22;1;1;15;361;361;[338,342,394,384];2439.82;0.495947;1439.41;17;Pos_ctrl
83;15;15;210429_E21-002_RAS16-synergy;4255;CELLBIO-LAB009;4605;2021-04-29T14:00:02Z;4655;I22;9;22;1;1;16;1250;415;[967,353,1320,717];2256.09;0.288826;44797.2;19;Pos_ctrl
84;16;16;210429_E21-002_RAS16-synergy;4255;CELLBIO-LAB009;4605;2021-04-29T14:00:02Z;4655;I22;9;22;1;1;17;806;389;[773,359,840,431];2524.43;0.531792;3481.4;20;Pos_ctrl
85;17;17;210429_E21-002_RAS16-synergy;4255;CELLBIO-LAB009;4605;2021-04-29T14:00:02Z;4655;I22;9;22;1;1;18;506;395;[478,364,567,443];2642.88;0.407039;4296.92;21;Pos_ctrl
86;18;18;210429_E21-002_RAS16-synergy;4255;CELLBIO-LAB009;4605;2021-04-29T14:00:02Z;4655;I22;9;22;1;1;19;875;498;[821,442,934,606];3140.25;0.771941;15291.6;22;Pos_ctrl
87;19;19;210429_E21-002_RAS16-synergy;4255;CELLBIO-LAB009;4605;2021-04-29T14:00:02Z;4655;I22;9;22;1;1;20;1539;544;[1431,491,1607,593];2634.04;0.492578;11326.8;23;Pos_ctrl
88;20;20;210429_E21-002_RAS16-synergy;4255;CELLBIO-LAB009;4605;2021-04-29T14:00:02Z;4655;I22;9;22;1;1;21;2094;568;[2038,493,2165,612];2678.83;0.519119;8257.42;24;Pos_ctrl
89;21;21;210429_E21-002_RAS16-synergy;4255;CELLBIO-LAB009;4605;2021-04-29T14:00:02Z;4655;I22;9;22;1;1;22;1748;560;[1729,542,1767,581];2243.21;0.604692;1040.16;25;Pos_ctrl
90;22;22;210429_E21-002_RAS16-synergy;4255;CELLBIO-LAB009;4605;2021-04-29T14:00:02Z;4655;I22;9;22;1;1;23;1852;595;[1796,552,1885,627];2325.68;0.573534;3860.42;26;Pos_ctrl
91;23;23;210429_E21-002_RAS16-synergy;4255;CELLBIO-LAB009;4605;2021-04-29T14:00:02Z;4655;I22;9;22;1;1;24;2028;630;[1986,588,2065,665];2440.58;0.439757;3373.87;27;Pos_ctrl
92;24;24;210429_E21-002_RAS16-synergy;4255;CELLBIO-LAB009;4605;2021-04-29T14:00:02Z;4655;I22;9;22;1;1;25;2109;628;[2072,600,2142,663];2708.17;0.692178;3011.89;28;Pos_ctrl
93;25;25;210429_E21-002_RAS16-synergy;4255;CELLBIO-LAB009;4605;2021-04-29T14:00:02Z;4655;I22;9;22;1;1;26;1762;654;[1732,629,1800,696];2392.96;0.625014;2872.42;29;Pos_ctrl
94;26;26;210429_E21-002_RAS16-synergy;4255;CELLBIO-LAB009;4605;2021-04-29T14:00:02Z;4655;I22;9;22;1;1;27;930;688;[874,659,958,719];2322.76;0.249406;2681.85;30;Pos_ctrl
95;27;27;210429_E21-002_RAS16-synergy;4255;CELLBIO-LAB009;4605;2021-04-29T14:00:02Z;4655;I22;9;22;1;1;28;1505;710;[1458,672,1534,740];2345.47;0.50369;3114.1;31;Pos_ctrl
96;28;28;210429_E21-002_RAS16-synergy;4255;CELLBIO-LAB009;4605;2021-04-29T14:00:02Z;4655;I22;9;22;1;1;29;733;733;[692,695,757,767];2802.56;0.564725;3193.95;32;Pos_ctrl
97;29;29;210429_E21-002_RAS16-synergy;4255;CELLBIO-LAB009;4605;2021-04-29T14:00:02Z;4655;I22;9;22;1;1;30;1706;827;[1652,789,1749,866];2657.28;0.614208;5890.7;33;Pos_ctrl
98;30;30;210429_E21-002_RAS16-synergy;4255;CELLBIO-LAB009;4605;2021-04-29T14:00:02Z;4655;I22;9;22;1;1;31;1893;858;[1845,807,1962,910];2185.57;0.516623;8356.43;34;Pos_ctrl
99;31;31;210429_E21-002_RAS16-synergy;4255;CELLBIO-LAB009;4605;2021-04-29T14:00:02Z;4655;I22;9;22;1;1;32;2048;827;[2034,811,2098,842];2673.8;0.534602;1360.62;35;Pos_ctrl
100;32;32;210429_E21-002_RAS16-synergy;4255;CELLBIO-LAB009;4605;2021-04-29T14:00:02Z;4655;I22;9;22;1;1;33;1345;871;[1306,833,1385,903];2386.76;0.573786;3694.33;36;Pos_ctrl
101;33;33;210429_E21-002_RAS16-synergy;4255;CELLBIO-LAB009;4605;2021-04-29T14:00:02Z;4655;I22;9;22;1;1;34;1267;905;[1243,886,1286,928];2276.1;0.443364;1193.47;38;Pos_ctrl
102;34;34;210429_E21-002_RAS16-synergy;4255;CELLBIO-LAB009;4605;2021-04-29T14:00:02Z;4655;I22;9;22;1;1;35;2153;914;[2126,891,2196,955];2344.28;0.545895;2901.17;39;Pos_ctrl
103;35;35;210429_E21-002_RAS16-synergy;4255;CELLBIO-LAB009;4605;2021-04-29T14:00:02Z;4655;I22;9;22;1;1;36;1905;960;[1832,909,1983,991];2436.83;0.451712;6822.27;40;Pos_ctrl
104;36;36;210429_E21-002_RAS16-synergy;4255;CELLBIO-LAB009;4605;2021-04-29T14:00:02Z;4655;I22;9;22;1;1;37;339;973;[290,944,373,1013];2734.58;0.427981;2748.92;41;Pos_ctrl
105;37;37;210429_E21-002_RAS16-synergy;4255;CELLBIO-LAB009;4605;2021-04-29T14:00:02Z;4655;I22;9;22;1;1;38;1376;1099;[1253,1051,1414,1140];2526.05;0.452023;7316.27;42;Pos_ctrl
106;38;38;210429_E21-002_RAS16-synergy;4255;CELLBIO-LAB009;4605;2021-04-29T14:00:02Z;4655;I22;9;22;1;1;39;2022;1101;[1970,1079,2052,1188];2202.78;0.317482;3990.3;43;Pos_ctrl
107;39;39;210429_E21-002_RAS16-synergy;4255;CELLBIO-LAB009;4605;2021-04-29T14:00:02Z;4655;I22;9;22;1;1;40;114;1136;[59,1087,167,1197];2835.31;0.52113;7631.4;44;Pos_ctrl
108;40;40;210429_E21-002_RAS16-synergy;4255;CELLBIO-LAB009;4605;2021-04-29T14:00:02Z;4655;I22;9;22;1;1;41;916;1367;[873,1311,981,1420];2766.0;0.49193;7391.86;46;Pos_ctrl
109;41;41;210429_E21-002_RAS16-synergy;4255;CELLBIO-LAB009;4605;2021-04-29T14:00:02Z;4655;I22;9;22;1;1;42;147;1489;[109,1451,213,1559];2708.42;0.525988;7304.56;48;Pos_ctrl
110;42;42;210429_E21-002_RAS16-synergy;4255;CELLBIO-LAB009;4605;2021-04-29T14:00:02Z;4655;I22;9;22;1;1;43;1346;1496;[1326,1479,1391,1521];2339.05;0.405;1683.21;49;Pos_ctrl
111;43;43;210429_E21-002_RAS16-synergy;4255;CELLBIO-LAB009;4605;2021-04-29T14:00:02Z;4655;I22;9;22;1;1;44;1178;1518;[1140,1487,1231,1551];2544.82;0.543235;4507.72;50;Pos_ctrl
112;44;44;210429_E21-002_RAS16-synergy;4255;CELLBIO-LAB009;4605;2021-04-29T14:00:02Z;4655;I22;9;22;1;1;45;1519;1564;[1476,1517,1580,1606];2708.82;0.638216;6348.5;51;Pos_ctrl
113;45;45;210429_E21-002_RAS16-synergy;4255;CELLBIO-LAB009;4605;2021-04-29T14:00:02Z;4655;I22;9;22;1;1;46;1102;1647;[1039,1571,1180,1723];3061.71;0.542914;12385.1;52;Pos_ctrl
114;46;46;210429_E21-002_RAS16-synergy;4255;CELLBIO-LAB009;4605;2021-04-29T14:00:02Z;4655;I22;9;22;1;1;47;2108;1623;[2056,1581,2143,1683];2484.45;0.55743;6104.7;53;Pos_ctrl
115;47;47;210429_E21-002_RAS16-synergy;4255;CELLBIO-LAB009;4605;2021-04-29T14:00:02Z;4655;I22;9;22;1;1;48;920;1689;[895,1652,960,1726];2757.6;0.50939;2598.81;54;Pos_ctrl
116;48;48;210429_E21-002_RAS16-synergy;4255;CELLBIO-LAB009;4605;2021-04-29T14:00:02Z;4655;I22;9;22;1;1;49;440;1792;[395,1744,482,1836];2660.03;0.574061;5098.6;55;Pos_ctrl
117;49;49;210429_E21-002_RAS16-synergy;4255;CELLBIO-LAB009;4605;2021-04-29T14:00:02Z;4655;I22;9;22;1;1;50;163;1818;[131,1787,197,1856];2239.49;0.388379;2363.52;56;Pos_ctrl
118;50;50;210429_E21-002_RAS16-synergy;4255;CELLBIO-LAB009;4605;2021-04-29T14:00:02Z;4655;I22;9;22;1;1;51;961;1846;[935,1821,992,1891];2519.62;0.462784;2796.83;57;Pos_ctrl
119;51;51;210429_E21-002_RAS16-synergy;4255;CELLBIO-LAB009;4605;2021-04-29T14:00:02Z;4655;I22;9;22;1;1;52;1364;1918;[1330,1845,1398,1954];2596.85;0.632682;5254.04;58;Pos_ctrl
120;52;52;210429_E21-002_RAS16-synergy;4255;CELLBIO-LAB009;4605;2021-04-29T14:00:02Z;4655;I22;9;22;1;1;53;592;2027;[547,1957,637,2059];2511.67;0.448073;5537.24;59;Pos_ctrl
121;53;53;210429_E21-002_RAS16-synergy;4255;CELLBIO-LAB009;4605;2021-04-29T14:00:02Z;4655;I22;9;22;1;1;54;1553;2101;[1510,2056,1601,2159];2270.58;0.542656;5871.54;60;Pos_ctrl
122;54;54;210429_E21-002_RAS16-synergy;4255;CELLBIO-LAB009;4605;2021-04-29T14:00:02Z;4655;I22;9;22;1;1;55;734;2119;[689,2063,770,2153];2583.01;0.676209;4419.36;61;Pos_ctrl
123;55;55;210429_E21-002_RAS16-synergy;4255;CELLBIO-LAB009;4605;2021-04-29T14:00:02Z;4655;I22;9;22;1;1;56;907;2129;[863,2087,950,2183];2470.23;0.55251;6075.95;62;Pos_ctrl
124;56;56;210429_E21-002_RAS16-synergy;4255;CELLBIO-LAB009;4605;2021-04-29T14:00:02Z;4655;I22;9;22;1;1;57;692;2143;[659,2105,727,2187];2578.36;0.644028;4156.39;63;Pos_ctrl
125;57;57;210429_E21-002_RAS16-synergy;4255;CELLBIO-LAB009;4605;2021-04-29T14:00:02Z;4655;I22;9;22;1;1;58;585;565;[554,532,616,601];2299.46;0.148405;1989.83;65;Pos_ctrl
126;58;58;210429_E21-002_RAS16-synergy;4255;CELLBIO-LAB009;4605;2021-04-29T14:00:02Z;4655;I22;9;22;1;1;59;777;1185;[755,1164,801,1212];2781.39;0.380153;1243.51;66;Pos_ctrl
127;0;0;210429_E21-002_RAS16-synergy;4255;CELLBIO-LAB009;4605;2021-04-29T14:00:02Z;4655;J21;10;21;1;1;1;939;55;[907,36,965,74];2556.63;0.607157;1469.22;3;Pos_ctrl
128;1;1;210429_E21-002_RAS16-synergy;4255;CELLBIO-LAB009;4605;2021-04-29T14:00:02Z;4655;J21;10;21;1;1;2;934;96;[907,70,964,128];2626.63;0.60357;2263.44;4;Pos_ctrl
129;2;2;210429_E21-002_RAS16-synergy;4255;CELLBIO-LAB009;4605;2021-04-29T14:00:02Z;4655;J21;10;21;1;1;3;895;107;[876,89,914,125];2714.6;0.712583;1045.49;5;Pos_ctrl
130;3;3;210429_E21-002_RAS16-synergy;4255;CELLBIO-LAB009;4605;2021-04-29T14:00:02Z;4655;J21;10;21;1;1;4;226;130;[199,104,283,157];2353.38;0.537054;2966.11;6;Pos_ctrl
131;4;4;210429_E21-002_RAS16-synergy;4255;CELLBIO-LAB009;4605;2021-04-29T14:00:02Z;4655;J21;10;21;1;1;5;863;169;[816,119,915,211];2880.18;0.521943;6611.47;7;Pos_ctrl
132;5;5;210429_E21-002_RAS16-synergy;4255;CELLBIO-LAB009;4605;2021-04-29T14:00:02Z;4655;J21;10;21;1;1;6;260;173;[214,154,281,218];2400.63;0.413164;2113.33;8;Pos_ctrl
133;6;6;210429_E21-002_RAS16-synergy;4255;CELLBIO-LAB009;4605;2021-04-29T14:00:02Z;4655;J21;10;21;1;1;7;1562;218;[1520,187,1602,268];2595.44;0.616109;3992.43;9;Pos_ctrl
134;7;7;210429_E21-002_RAS16-synergy;4255;CELLBIO-LAB009;4605;2021-04-29T14:00:02Z;4655;J21;10;21;1;1;8;701;242;[663,206,731,268];2605.31;0.46028;2219.79;10;Pos_ctrl
135;8;8;210429_E21-002_RAS16-synergy;4255;CELLBIO-LAB009;4605;2021-04-29T14:00:02Z;4655;J21;10;21;1;1;9;2054;253;[2008,215,2090,315];2484.65;0.54453;5178.45;11;Pos_ctrl
136;9;9;210429_E21-002_RAS16-synergy;4255;CELLBIO-LAB009;4605;2021-04-29T14:00:02Z;4655;J21;10;21;1;1;10;893;293;[858,248,921,331];2714.53;0.491897;3634.71;12;Pos_ctrl
137;10;10;210429_E21-002_RAS16-synergy;4255;CELLBIO-LAB009;4605;2021-04-29T14:00:02Z;4655;J21;10;21;1;1;11;1250;432;[1208,363,1310,474];2852.96;0.558893;7590.95;14;Pos_ctrl
138;11;11;210429_E21-002_RAS16-synergy;4255;CELLBIO-LAB009;4605;2021-04-29T14:00:02Z;4655;J21;10;21;1;1;12;537;456;[479,415,593,495];2988.28;0.621269;5906.67;16;Pos_ctrl
139;12;12;210429_E21-002_RAS16-synergy;4255;CELLBIO-LAB009;4605;2021-04-29T14:00:02Z;4655;J21;10;21;1;1;13;1526;545;[1393,428,1621,588];2776.44;0.345657;15797.3;17;Pos_ctrl
140;13;13;210429_E21-002_RAS16-synergy;4255;CELLBIO-LAB009;4605;2021-04-29T14:00:02Z;4655;J21;10;21;1;1;14;1987;499;[1933,462,2024,540];2548.14;0.587031;4668.48;18;Pos_ctrl
141;14;14;210429_E21-002_RAS16-synergy;4255;CELLBIO-LAB009;4605;2021-04-29T14:00:02Z;4655;J21;10;21;1;1;15;1733;504;[1702,465,1773,534];2609.4;0.591382;3610.22;19;Pos_ctrl
142;15;15;210429_E21-002_RAS16-synergy;4255;CELLBIO-LAB009;4605;2021-04-29T14:00:02Z;4655;J21;10;21;1;1;16;1926;559;[1843,537,1956,609];2485.18;0.4021;3614.48;21;Pos_ctrl
143;16;16;210429_E21-002_RAS16-synergy;4255;CELLBIO-LAB009;4605;2021-04-29T14:00:02Z;4655;J21;10;21;1;1;17;126;623;[72,571,167,661];2422.95;0.479351;5414.8;22;Pos_ctrl
144;17;17;210429_E21-002_RAS16-synergy;4255;CELLBIO-LAB009;4605;2021-04-29T14:00:02Z;4655;J21;10;21;1;1;18;286;651;[233,618,328,680];2594.37;0.550952;3966.88;23;Pos_ctrl
145;18;18;210429_E21-002_RAS16-synergy;4255;CELLBIO-LAB009;4605;2021-04-29T14:00:02Z;4655;J21;10;21;1;1;19;1372;671;[1316,619,1422,722];2837.42;0.618128;7457.86;24;Pos_ctrl
146;19;19;210429_E21-002_RAS16-synergy;4255;CELLBIO-LAB009;4605;2021-04-29T14:00:02Z;4655;J21;10;21;1;1;20;1147;831;[1084,763,1209,901];3038.48;0.710672;12661.9;25;Pos_ctrl
147;20;20;210429_E21-002_RAS16-synergy;4255;CELLBIO-LAB009;4605;2021-04-29T14:00:02Z;4655;J21;10;21;1;1;21;664;835;[540,765,708,888];2887.49;0.459298;10893.5;26;Pos_ctrl
148;21;21;210429_E21-002_RAS16-synergy;4255;CELLBIO-LAB009;4605;2021-04-29T14:00:02Z;4655;J21;10;21;1;1;22;1621;850;[1575,806,1677,911];2827.43;0.62513;7200.22;27;Pos_ctrl
149;22;22;210429_E21-002_RAS16-synergy;4255;CELLBIO-LAB009;4605;2021-04-29T14:00:02Z;4655;J21;10;21;1;1;23;1931;867;[1878,821,1982,911];3035.69;0.602858;5898.15;28;Pos_ctrl
150;23;23;210429_E21-002_RAS16-synergy;4255;CELLBIO-LAB009;4605;2021-04-29T14:00:02Z;4655;J21;10;21;1;1;24;349;897;[312,867,395,933];2485.7;0.515685;3418.59;29;Pos_ctrl
151;24;24;210429_E21-002_RAS16-synergy;4255;CELLBIO-LAB009;4605;2021-04-29T14:00:02Z;4655;J21;10;21;1;1;25;1193;998;[1140,942,1271,1054];2830.43;0.579747;8716.28;30;Pos_ctrl
152;25;25;210429_E21-002_RAS16-synergy;4255;CELLBIO-LAB009;4605;2021-04-29T14:00:02Z;4655;J21;10;21;1;1;26;1552;1065;[1511,1038,1581,1101];2316.36;0.537381;2908.62;31;Pos_ctrl
153;26;26;210429_E21-002_RAS16-synergy;4255;CELLBIO-LAB009;4605;2021-04-29T14:00:02Z;4655;J21;10;21;1;1;27;274;1106;[233,1073,312,1142];2778.64;0.651749;3742.24;32;Pos_ctrl
154;27;27;210429_E21-002_RAS16-synergy;4255;CELLBIO-LAB009;4605;2021-04-29T14:00:02Z;4655;J21;10;21;1;1;28;808;1182;[742,1148,839,1220];2564.24;0.485556;4399.13;33;Pos_ctrl
155;28;28;210429_E21-002_RAS16-synergy;4255;CELLBIO-LAB009;4605;2021-04-29T14:00:02Z;4655;J21;10;21;1;1;29;1680;1194;[1646,1159,1735,1227];2411.72;0.577829;4132.97;34;Pos_ctrl
156;29;29;210429_E21-002_RAS16-synergy;4255;CELLBIO-LAB009;4605;2021-04-29T14:00:02Z;4655;J21;10;21;1;1;30;1843;1273;[1804,1217,1894,1312];2285.3;0.425969;5475.49;35;Pos_ctrl
157;30;30;210429_E21-002_RAS16-synergy;4255;CELLBIO-LAB009;4605;2021-04-29T14:00:02Z;4655;J21;10;21;1;1;31;343;1319;[312,1291,377,1357];2167.68;0.224434;1821.61;36;Pos_ctrl
158;31;31;210429_E21-002_RAS16-synergy;4255;CELLBIO-LAB009;4605;2021-04-29T14:00:02Z;4655;J21;10;21;1;1;32;1637;1429;[1585,1369,1701,1490];2825.2;0.664306;9000.54;37;Pos_ctrl
159;32;32;210429_E21-002_RAS16-synergy;4255;CELLBIO-LAB009;4605;2021-04-29T14:00:02Z;4655;J21;10;21;1;1;33;1189;1507;[1150,1469,1225,1547];2482.0;0.522535;4234.11;38;Pos_ctrl
160;33;33;210429_E21-002_RAS16-synergy;4255;CELLBIO-LAB009;4605;2021-04-29T14:00:02Z;4655;J21;10;21;1;1;34;416;1564;[370,1507,453,1603];2343.88;0.31622;3465.43;39;Pos_ctrl
161;34;34;210429_E21-002_RAS16-synergy;4255;CELLBIO-LAB009;4605;2021-04-29T14:00:02Z;4655;J21;10;21;1;1;35;582;1565;[546,1527,635,1628];2623.16;0.53352;6400.67;40;Pos_ctrl
162;35;35;210429_E21-002_RAS16-synergy;4255;CELLBIO-LAB009;4605;2021-04-29T14:00:02Z;4655;J21;10;21;1;1;36;233;1665;[179,1620,287,1714];2308.36;0.517095;6599.76;41;Pos_ctrl
163;36;36;210429_E21-002_RAS16-synergy;4255;CELLBIO-LAB009;4605;2021-04-29T14:00:02Z;4655;J21;10;21;1;1;37;1445;1679;[1413,1638,1482,1741];2243.1;0.507724;4747.27;42;Pos_ctrl
164;37;37;210429_E21-002_RAS16-synergy;4255;CELLBIO-LAB009;4605;2021-04-29T14:00:02Z;4655;J21;10;21;1;1;38;898;1699;[868,1672,925,1729];2367.86;0.613075;2301.77;43;Pos_ctrl
165;38;38;210429_E21-002_RAS16-synergy;4255;CELLBIO-LAB009;4605;2021-04-29T14:00:02Z;4655;J21;10;21;1;1;39;1138;1820;[1088,1764,1180,1867];2699.06;0.647985;6512.46;44;Pos_ctrl
166;39;39;210429_E21-002_RAS16-synergy;4255;CELLBIO-LAB009;4605;2021-04-29T14:00:02Z;4655;J21;10;21;1;1;40;2051;1859;[2024,1824,2121,1898];2215.48;0.388819;3761.4;45;Pos_ctrl
167;40;40;210429_E21-002_RAS16-synergy;4255;CELLBIO-LAB009;4605;2021-04-29T14:00:02Z;4655;J21;10;21;1;1;41;1404;1870;[1362,1843,1435,1894];2345.87;0.685876;2465.73;46;Pos_ctrl
168;41;41;210429_E21-002_RAS16-synergy;4255;CELLBIO-LAB009;4605;2021-04-29T14:00:02Z;4655;J21;10;21;1;1;42;1379;1916;[1342,1874,1459,1963];2298.57;0.479073;5660.74;47;Pos_ctrl
169;42;42;210429_E21-002_RAS16-synergy;4255;CELLBIO-LAB009;4605;2021-04-29T14:00:02Z;4655;J21;10;21;1;1;43;122;2043;[78,2012,163,2075];2223.23;0.58858;3140.71;49;Pos_ctrl
170;43;43;210429_E21-002_RAS16-synergy;4255;CELLBIO-LAB009;4605;2021-04-29T14:00:02Z;4655;J21;10;21;1;1;44;1421;2128;[1371,2061,1463,2173];2317.41;0.605741;7140.6;50;Pos_ctrl
171;44;44;210429_E21-002_RAS16-synergy;4255;CELLBIO-LAB009;4605;2021-04-29T14:00:02Z;4655;J21;10;21;1;1;45;324;2149;[274,2127,353,2189];2331.25;0.584373;3284.44;51;Pos_ctrl
172;45;45;210429_E21-002_RAS16-synergy;4255;CELLBIO-LAB009;4605;2021-04-29T14:00:02Z;4655;J21;10;21;1;1;46;1780;274;[1646,234,1791,396];2042.25;0.0546772;5295.56;55;Pos_ctrl
173;46;46;210429_E21-002_RAS16-synergy;4255;CELLBIO-LAB009;4605;2021-04-29T14:00:02Z;4655;J21;10;21;1;1;47;1634;316;[1605,288,1649,365];2059.05;0.180567;1697.05;56;Pos_ctrl
174;47;47;210429_E21-002_RAS16-synergy;4255;CELLBIO-LAB009;4605;2021-04-29T14:00:02Z;4655;J21;10;21;1;1;48;476;1415;[467,1407,489,1504];2060.31;0.298256;1108.3;57;Pos_ctrl
175;48;48;210429_E21-002_RAS16-synergy;4255;CELLBIO-LAB009;4605;2021-04-29T14:00:02Z;4655;J21;10;21;1;1;49;728;1626;[670,1619,763,1635];2058.77;0.379118;1005.03;58;Pos_ctrl
176;49;49;210429_E21-002_RAS16-synergy;4255;CELLBIO-LAB009;4605;2021-04-29T14:00:02Z;4655;J21;10;21;1;1;50;1252;219;[1210,192,1279,249];2192.14;0.174304;1639.56;59;Pos_ctrl
177;50;50;210429_E21-002_RAS16-synergy;4255;CELLBIO-LAB009;4605;2021-04-29T14:00:02Z;4655;J21;10;21;1;1;51;560;402;[530,381,582,423];2766.93;0.671275;1601.23;60;Pos_ctrl
178;51;51;210429_E21-002_RAS16-synergy;4255;CELLBIO-LAB009;4605;2021-04-29T14:00:02Z;4655;J21;10;21;1;1;52;194;452;[156,428,232,479];2137.66;0.331061;2197.44;61;Pos_ctrl
179;0;0;210429_E21-002_RAS16-synergy;4255;CELLBIO-LAB009;4605;2021-04-29T14:00:02Z;4655;J22;10;22;1;1;1;1688;268;[1653,257,1710,304];2393.4;0.520556;1385.11;2;Pos_ctrl
180;1;1;210429_E21-002_RAS16-synergy;4255;CELLBIO-LAB009;4605;2021-04-29T14:00:02Z;4655;J22;10;22;1;1;2;828;543;[811,519,852,564];2477.72;0.658759;1132.79;3;Pos_ctrl
181;2;2;210429_E21-002_RAS16-synergy;4255;CELLBIO-LAB009;4605;2021-04-29T14:00:02Z;4655;J22;10;22;1;1;3;1886;792;[1870,767,1903,816];2230.91;0.45483;1032.71;4;Pos_ctrl
182;3;3;210429_E21-002_RAS16-synergy;4255;CELLBIO-LAB009;4605;2021-04-29T14:00:02Z;4655;J22;10;22;1;1;4;1505;1154;[1468,1131,1555,1186];2342.4;0.450269;2328.39;6;Pos_ctrl
183;4;4;210429_E21-002_RAS16-synergy;4255;CELLBIO-LAB009;4605;2021-04-29T14:00:02Z;4655;J22;10;22;1;1;5;922;68;[902,30,947,103];2273.48;0.509241;2367.78;11;Pos_ctrl
184;5;5;210429_E21-002_RAS16-synergy;4255;CELLBIO-LAB009;4605;2021-04-29T14:00:02Z;4655;J22;10;22;1;1;6;1886;106;[1830,72,1927,209];2558.3;0.459687;6823.33;12;Pos_ctrl
185;6;6;210429_E21-002_RAS16-synergy;4255;CELLBIO-LAB009;4605;2021-04-29T14:00:02Z;4655;J22;10;22;1;1;7;1617;132;[1578,91,1653,175];2696.09;0.637438;4252.21;13;Pos_ctrl
186;7;7;210429_E21-002_RAS16-synergy;4255;CELLBIO-LAB009;4605;2021-04-29T14:00:02Z;4655;J22;10;22;1;1;8;1906;160;[1879,120,1926,186];2633.39;0.701091;2150.59;15;Pos_ctrl
187;8;8;210429_E21-002_RAS16-synergy;4255;CELLBIO-LAB009;4605;2021-04-29T14:00:02Z;4655;J22;10;22;1;1;9;1916;198;[1886,174,1937,228];2480.07;0.648722;1987.7;16;Pos_ctrl
188;9;9;210429_E21-002_RAS16-synergy;4255;CELLBIO-LAB009;4605;2021-04-29T14:00:02Z;4655;J22;10;22;1;1;10;1869;211;[1846,188,1896,238];2424.95;0.690092;1422.37;17;Pos_ctrl
189;10;10;210429_E21-002_RAS16-synergy;4255;CELLBIO-LAB009;4605;2021-04-29T14:00:02Z;4655;J22;10;22;1;1;11;1622;243;[1585,208,1664,297];2468.52;0.604849;4733.43;18;Pos_ctrl
190;11;11;210429_E21-002_RAS16-synergy;4255;CELLBIO-LAB009;4605;2021-04-29T14:00:02Z;4655;J22;10;22;1;1;12;2008;299;[1984,264,2053,348];2396.22;0.50466;3163.07;19;Pos_ctrl
191;12;12;210429_E21-002_RAS16-synergy;4255;CELLBIO-LAB009;4605;2021-04-29T14:00:02Z;4655;J22;10;22;1;1;13;1691;302;[1661,283,1711,345];2364.93;0.534396;1706.63;20;Pos_ctrl
192;13;13;210429_E21-002_RAS16-synergy;4255;CELLBIO-LAB009;4605;2021-04-29T14:00:02Z;4655;J22;10;22;1;1;14;2091;328;[2049,296,2143,368];2333.23;0.55567;4702.55;21;Pos_ctrl
193;14;14;210429_E21-002_RAS16-synergy;4255;CELLBIO-LAB009;4605;2021-04-29T14:00:02Z;4655;J22;10;22;1;1;15;2109;365;[2076,350,2132,386];2250.06;0.552228;1158.34;22;Pos_ctrl
194;15;15;210429_E21-002_RAS16-synergy;4255;CELLBIO-LAB009;4605;2021-04-29T14:00:02Z;4655;J22;10;22;1;1;16;68;400;[27,372,98,451];2472.79;0.563973;3899.81;23;Pos_ctrl
195;16;16;210429_E21-002_RAS16-synergy;4255;CELLBIO-LAB009;4605;2021-04-29T14:00:02Z;4655;J22;10;22;1;1;17;938;437;[902,391,989,478];2645.09;0.449012;4364.0;24;Pos_ctrl
196;17;17;210429_E21-002_RAS16-synergy;4255;CELLBIO-LAB009;4605;2021-04-29T14:00:02Z;4655;J22;10;22;1;1;18;734;458;[689,396,767,494];2574.88;0.418916;4925.07;25;Pos_ctrl
197;18;18;210429_E21-002_RAS16-synergy;4255;CELLBIO-LAB009;4605;2021-04-29T14:00:02Z;4655;J22;10;22;1;1;19;455;432;[432,408,523,463];2513.57;0.377521;3241.86;26;Pos_ctrl
198;19;19;210429_E21-002_RAS16-synergy;4255;CELLBIO-LAB009;4605;2021-04-29T14:00:02Z;4655;J22;10;22;1;1;20;1920;452;[1862,417,1955,493];2426.3;0.460906;4612.06;27;Pos_ctrl
199;20;20;210429_E21-002_RAS16-synergy;4255;CELLBIO-LAB009;4605;2021-04-29T14:00:02Z;4655;J22;10;22;1;1;21;267;449;[249,422,288,475];2310.94;0.389761;1340.39;28;Pos_ctrl
200;21;21;210429_E21-002_RAS16-synergy;4255;CELLBIO-LAB009;4605;2021-04-29T14:00:02Z;4655;J22;10;22;1;1;22;1714;477;[1664,427,1762,528];2515.97;0.549533;6747.74;29;Pos_ctrl
201;22;22;210429_E21-002_RAS16-synergy;4255;CELLBIO-LAB009;4605;2021-04-29T14:00:02Z;4655;J22;10;22;1;1;23;569;409;[531,376,603,469];2894.2;0.59705;4716.39;30;Pos_ctrl
202;23;23;210429_E21-002_RAS16-synergy;4255;CELLBIO-LAB009;4605;2021-04-29T14:00:02Z;4655;J22;10;22;1;1;24;1397;494;[1345,439,1432,545];2574.95;0.48804;5145.45;31;Pos_ctrl
203;24;24;210429_E21-002_RAS16-synergy;4255;CELLBIO-LAB009;4605;2021-04-29T14:00:02Z;4655;J22;10;22;1;1;25;822;482;[792,454,884,530];2680.38;0.584559;3907.26;32;Pos_ctrl
204;25;25;210429_E21-002_RAS16-synergy;4255;CELLBIO-LAB009;4605;2021-04-29T14:00:02Z;4655;J22;10;22;1;1;26;321;531;[300,480,350,548];2347.34;0.401467;2227.25;33;Pos_ctrl
205;26;26;210429_E21-002_RAS16-synergy;4255;CELLBIO-LAB009;4605;2021-04-29T14:00:02Z;4655;J22;10;22;1;1;27;276;520;[245,495,300,552];2287.69;0.539295;2280.48;34;Pos_ctrl
206;27;27;210429_E21-002_RAS16-synergy;4255;CELLBIO-LAB009;4605;2021-04-29T14:00:02Z;4655;J22;10;22;1;1;28;802;517;[780,496,824,540];2560.96;0.80676;1480.93;35;Pos_ctrl
207;28;28;210429_E21-002_RAS16-synergy;4255;CELLBIO-LAB009;4605;2021-04-29T14:00:02Z;4655;J22;10;22;1;1;29;166;604;[96,547,202,638];2353.6;0.423496;5008.11;36;Pos_ctrl
208;29;29;210429_E21-002_RAS16-synergy;4255;CELLBIO-LAB009;4605;2021-04-29T14:00:02Z;4655;J22;10;22;1;1;30;1401;567;[1384,548,1421,588];2543.41;0.755794;1068.91;37;Pos_ctrl
209;30;30;210429_E21-002_RAS16-synergy;4255;CELLBIO-LAB009;4605;2021-04-29T14:00:02Z;4655;J22;10;22;1;1;31;1027;634;[986,584,1084,678];2623.2;0.539726;5791.69;38;Pos_ctrl
210;31;31;210429_E21-002_RAS16-synergy;4255;CELLBIO-LAB009;4605;2021-04-29T14:00:02Z;4655;J22;10;22;1;1;32;1390;613;[1340,580,1452,655];2529.81;0.546617;5320.05;39;Pos_ctrl
211;32;32;210429_E21-002_RAS16-synergy;4255;CELLBIO-LAB009;4605;2021-04-29T14:00:02Z;4655;J22;10;22;1;1;33;332;639;[295,610,369,717];2293.28;0.385778;4591.83;40;Pos_ctrl
212;33;33;210429_E21-002_RAS16-synergy;4255;CELLBIO-LAB009;4605;2021-04-29T14:00:02Z;4655;J22;10;22;1;1;34;132;779;[90,732,260,943];2271.15;0.220373;12159.4;41;Pos_ctrl
213;34;34;210429_E21-002_RAS16-synergy;4255;CELLBIO-LAB009;4605;2021-04-29T14:00:02Z;4655;J22;10;22;1;1;35;377;775;[335,735,415,826];2423.4;0.588027;5101.8;42;Pos_ctrl
214;35;35;210429_E21-002_RAS16-synergy;4255;CELLBIO-LAB009;4605;2021-04-29T14:00:02Z;4655;J22;10;22;1;1;36;1849;823;[1827,743,1880,846];2365.56;0.436673;3020.41;43;Pos_ctrl
215;36;36;210429_E21-002_RAS16-synergy;4255;CELLBIO-LAB009;4605;2021-04-29T14:00:02Z;4655;J22;10;22;1;1;37;985;804;[952,769,1013,848];2501.66;0.532768;3340.87;44;Pos_ctrl
216;37;37;210429_E21-002_RAS16-synergy;4255;CELLBIO-LAB009;4605;2021-04-29T14:00:02Z;4655;J22;10;22;1;1;38;979;994;[871,786,1258,1171];2668.88;0.420403;49981.0;45;Pos_ctrl
217;38;38;210429_E21-002_RAS16-synergy;4255;CELLBIO-LAB009;4605;2021-04-29T14:00:02Z;4655;J22;10;22;1;1;39;1782;864;[1742,825,1854,922];2373.16;0.455317;6176.03;46;Pos_ctrl
218;39;39;210429_E21-002_RAS16-synergy;4255;CELLBIO-LAB009;4605;2021-04-29T14:00:02Z;4655;J22;10;22;1;1;40;130;901;[107,872,150,917];2082.04;0.565955;1163.66;47;Pos_ctrl
219;40;40;210429_E21-002_RAS16-synergy;4255;CELLBIO-LAB009;4605;2021-04-29T14:00:02Z;4655;J22;10;22;1;1;41;2107;940;[2064,898,2161,974];2809.53;0.719207;5454.2;48;Pos_ctrl
220;41;41;210429_E21-002_RAS16-synergy;4255;CELLBIO-LAB009;4605;2021-04-29T14:00:02Z;4655;J22;10;22;1;1;42;592;967;[565,921,626,1001];2504.65;0.490691;3456.91;49;Pos_ctrl
221;42;42;210429_E21-002_RAS16-synergy;4255;CELLBIO-LAB009;4605;2021-04-29T14:00:02Z;4655;J22;10;22;1;1;43;552;989;[532,962,577,1027];2515.48;0.590682;2019.64;50;Pos_ctrl
222;43;43;210429_E21-002_RAS16-synergy;4255;CELLBIO-LAB009;4605;2021-04-29T14:00:02Z;4655;J22;10;22;1;1;44;272;1069;[216,994,360,1130];2738.27;0.589583;13030.2;51;Pos_ctrl
223;44;44;210429_E21-002_RAS16-synergy;4255;CELLBIO-LAB009;4605;2021-04-29T14:00:02Z;4655;J22;10;22;1;1;45;2106;1032;[2083,994,2126,1059];2273.67;0.463579;1665.11;52;Pos_ctrl
224;45;45;210429_E21-002_RAS16-synergy;4255;CELLBIO-LAB009;4605;2021-04-29T14:00:02Z;4655;J22;10;22;1;1;46;1057;1065;[989,1037,1080,1121];2290.23;0.45031;4194.72;53;Pos_ctrl
225;46;46;210429_E21-002_RAS16-synergy;4255;CELLBIO-LAB009;4605;2021-04-29T14:00:02Z;4655;J22;10;22;1;1;47;1239;1097;[1191,1056,1282,1170];2476.56;0.609306;7637.79;54;Pos_ctrl
226;47;47;210429_E21-002_RAS16-synergy;4255;CELLBIO-LAB009;4605;2021-04-29T14:00:02Z;4655;J22;10;22;1;1;48;1549;1115;[1531,1098,1589,1158];2189.4;0.407101;1450.05;55;Pos_ctrl
227;48;48;210429_E21-002_RAS16-synergy;4255;CELLBIO-LAB009;4605;2021-04-29T14:00:02Z;4655;J22;10;22;1;1;49;1444;1134;[1420,1110,1483,1201];2190.47;0.489985;3019.34;56;Pos_ctrl
228;49;49;210429_E21-002_RAS16-synergy;4255;CELLBIO-LAB009;4605;2021-04-29T14:00:02Z;4655;J22;10;22;1;1;50;1780;1184;[1729,1133,1835,1224];2562.17;0.536929;6348.5;57;Pos_ctrl
229;50;50;210429_E21-002_RAS16-synergy;4255;CELLBIO-LAB009;4605;2021-04-29T14:00:02Z;4655;J22;10;22;1;1;51;1349;1206;[1320,1170,1400,1257];2317.16;0.538223;4440.65;58;Pos_ctrl
230;51;51;210429_E21-002_RAS16-synergy;4255;CELLBIO-LAB009;4605;2021-04-29T14:00:02Z;4655;J22;10;22;1;1;52;1065;1348;[988,1272,1127,1429];3340.08;0.731508;16371.1;59;Pos_ctrl
231;52;52;210429_E21-002_RAS16-synergy;4255;CELLBIO-LAB009;4605;2021-04-29T14:00:02Z;4655;J22;10;22;1;1;53;1617;1370;[1586,1340,1653,1422];2297.98;0.53351;4280.95;61;Pos_ctrl
232;53;53;210429_E21-002_RAS16-synergy;4255;CELLBIO-LAB009;4605;2021-04-29T14:00:02Z;4655;J22;10;22;1;1;54;2004;1421;[1958,1380,2036,1462];2301.68;0.525933;4020.11;62;Pos_ctrl
234;55;55;210429_E21-002_RAS16-synergy;4255;CELLBIO-LAB009;4605;2021-04-29T14:00:02Z;4655;J22;10;22;1;1;56;984;1597;[945,1541,1026,1629];2361.77;0.525638;4467.27;64;Pos_ctrl
235;56;56;210429_E21-002_RAS16-synergy;4255;CELLBIO-LAB009;4605;2021-04-29T14:00:02Z;4655;J22;10;22;1;1;57;1086;1690;[1044,1644,1143,1751];2493.04;0.558799;6280.36;65;Pos_ctrl
236;57;57;210429_E21-002_RAS16-synergy;4255;CELLBIO-LAB009;4605;2021-04-29T14:00:02Z;4655;J22;10;22;1;1;58;815;1698;[771,1660,907,1796];1935.79;0.157473;7436.57;66;Pos_ctrl
237;58;58;210429_E21-002_RAS16-synergy;4255;CELLBIO-LAB009;4605;2021-04-29T14:00:02Z;4655;J22;10;22;1;1;59;505;1702;[476,1670,555,1750];2219.48;0.440335;3547.41;67;Pos_ctrl
238;59;59;210429_E21-002_RAS16-synergy;4255;CELLBIO-LAB009;4605;2021-04-29T14:00:02Z;4655;J22;10;22;1;1;60;381;1744;[332,1682,427,1809];2421.78;0.5278;7823.04;68;Pos_ctrl
239;60;60;210429_E21-002_RAS16-synergy;4255;CELLBIO-LAB009;4605;2021-04-29T14:00:02Z;4655;J22;10;22;1;1;61;605;1702;[555,1678,634,1731];2269.94;0.494012;2324.13;69;Pos_ctrl
240;61;61;210429_E21-002_RAS16-synergy;4255;CELLBIO-LAB009;4605;2021-04-29T14:00:02Z;4655;J22;10;22;1;1;62;1865;1756;[1797,1718,1906,1806];2312.53;0.606466;6642.34;70;Pos_ctrl
241;62;62;210429_E21-002_RAS16-synergy;4255;CELLBIO-LAB009;4605;2021-04-29T14:00:02Z;4655;J22;10;22;1;1;63;1053;1794;[987,1749,1081,1842];2299.18;0.35249;4016.92;71;Pos_ctrl
242;63;63;210429_E21-002_RAS16-synergy;4255;CELLBIO-LAB009;4605;2021-04-29T14:00:02Z;4655;J22;10;22;1;1;64;2132;1786;[2091,1750,2194,1860];2196.47;0.481013;7188.51;72;Pos_ctrl
243;64;64;210429_E21-002_RAS16-synergy;4255;CELLBIO-LAB009;4605;2021-04-29T14:00:02Z;4655;J22;10;22;1;1;65;1445;1804;[1418,1765,1475,1841];2212.35;0.528286;2714.85;73;Pos_ctrl
244;65;65;210429_E21-002_RAS16-synergy;4255;CELLBIO-LAB009;4605;2021-04-29T14:00:02Z;4655;J22;10;22;1;1;66;2068;1814;[2049,1795,2119,1854];2019.07;0.470379;2002.6;74;Pos_ctrl
245;66;66;210429_E21-002_RAS16-synergy;4255;CELLBIO-LAB009;4605;2021-04-29T14:00:02Z;4655;J22;10;22;1;1;67;1054;1849;[1021,1829,1072,1867];2202.29;0.5635;1015.67;75;Pos_ctrl
246;67;67;210429_E21-002_RAS16-synergy;4255;CELLBIO-LAB009;4605;2021-04-29T14:00:02Z;4655;J22;10;22;1;1;68;1297;1892;[1233,1835,1351,1950];2318.73;0.485577;7239.61;76;Pos_ctrl
247;68;68;210429_E21-002_RAS16-synergy;4255;CELLBIO-LAB009;4605;2021-04-29T14:00:02Z;4655;J22;10;22;1;1;69;1514;1911;[1472,1876,1553,1975];2093.42;0.368001;4387.42;77;Pos_ctrl
248;69;69;210429_E21-002_RAS16-synergy;4255;CELLBIO-LAB009;4605;2021-04-29T14:00:02Z;4655;J22;10;22;1;1;70;922;1982;[867,1922,984,2044];4304.77;0.883056;10748.7;78;Pos_ctrl
249;70;70;210429_E21-002_RAS16-synergy;4255;CELLBIO-LAB009;4605;2021-04-29T14:00:02Z;4655;J22;10;22;1;1;71;340;1953;[317,1929,367,1978];2315.0;0.641376;1856.75;79;Pos_ctrl
250;71;71;210429_E21-002_RAS16-synergy;4255;CELLBIO-LAB009;4605;2021-04-29T14:00:02Z;4655;J22;10;22;1;1;72;1396;2054;[1351,2008,1457,2101];2512.3;0.697267;6940.45;80;Pos_ctrl
251;72;72;210429_E21-002_RAS16-synergy;4255;CELLBIO-LAB009;4605;2021-04-29T14:00:02Z;4655;J22;10;22;1;1;73;1719;2160;[1678,2128,1754,2198];2071.77;0.540975;3083.22;81;Pos_ctrl
253;74;74;210429_E21-002_RAS16-synergy;4255;CELLBIO-LAB009;4605;2021-04-29T14:00:02Z;4655;J22;10;22;1;1;75;1835;581;[1826,514,1845,646];2030.2;0.226838;1281.84;83;Pos_ctrl
254;75;75;210429_E21-002_RAS16-synergy;4255;CELLBIO-LAB009;4605;2021-04-29T14:00:02Z;4655;J22;10;22;1;1;76;1860;610;[1850,540,1886,678];2025.33;0.0620889;1556.52;84;Pos_ctrl
255;76;76;210429_E21-002_RAS16-synergy;4255;CELLBIO-LAB009;4605;2021-04-29T14:00:02Z;4655;J22;10;22;1;1;77;701;1258;[691,1246,716,1409];2025.57;0.0820199;1474.54;85;Pos_ctrl
256;77;77;210429_E21-002_RAS16-synergy;4255;CELLBIO-LAB009;4605;2021-04-29T14:00:02Z;4655;J22;10;22;1;1;78;1814;351;[1775,334,1826,368];2252.95;0.318831;1046.55;86;Pos_ctrl
257;78;78;210429_E21-002_RAS16-synergy;4255;CELLBIO-LAB009;4605;2021-04-29T14:00:02Z;4655;J22;10;22;1;1;79;1966;988;[1933,951,2008,1012];2079.32;0.168652;1869.52;87;Pos_ctrl
258;0;0;210429_E21-002_RAS16-synergy;4255;CELLBIO-LAB009;4605;2021-04-29T14:00:02Z;4655;K21;11;21;1;1;1;732;280;[701,262,765,298];2542.78;0.489744;1118.95;3;Pos_ctrl
259;1;1;210429_E21-002_RAS16-synergy;4255;CELLBIO-LAB009;4605;2021-04-29T14:00:02Z;4655;K21;11;21;1;1;2;650;823;[639,778,676,844];2441.19;0.412429;1236.06;4;Pos_ctrl
260;2;2;210429_E21-002_RAS16-synergy;4255;CELLBIO-LAB009;4605;2021-04-29T14:00:02Z;4655;K21;11;21;1;1;3;382;808;[360,794,403,850];2188.57;0.409187;1285.03;5;Pos_ctrl
261;3;3;210429_E21-002_RAS16-synergy;4255;CELLBIO-LAB009;4605;2021-04-29T14:00:02Z;4655;K21;11;21;1;1;4;1265;1575;[1240,1534,1296,1611];2614.03;0.514002;2281.54;6;Pos_ctrl
262;4;4;210429_E21-002_RAS16-synergy;4255;CELLBIO-LAB009;4605;2021-04-29T14:00:02Z;4655;K21;11;21;1;1;5;1177;1550;[1160,1517,1223,1640];2451.64;0.379398;2863.91;7;Pos_ctrl
263;5;5;210429_E21-002_RAS16-synergy;4255;CELLBIO-LAB009;4605;2021-04-29T14:00:02Z;4655;K21;11;21;1;1;6;1039;1833;[1022,1822,1052,1878];2465.08;0.582438;1162.6;8;Pos_ctrl
264;6;6;210429_E21-002_RAS16-synergy;4255;CELLBIO-LAB009;4605;2021-04-29T14:00:02Z;4655;K21;11;21;1;1;7;1534;60;[1514,33,1561,83];2516.87;0.559839;1628.91;10;Pos_ctrl
265;7;7;210429_E21-002_RAS16-synergy;4255;CELLBIO-LAB009;4605;2021-04-29T14:00:02Z;4655;K21;11;21;1;1;8;1482;172;[1439,100,1519,222];3104.25;0.594442;5701.19;11;Pos_ctrl
266;8;8;210429_E21-002_RAS16-synergy;4255;CELLBIO-LAB009;4605;2021-04-29T14:00:02Z;4655;K21;11;21;1;1;9;370;173;[338,145,395,219];2524.85;0.520146;2742.54;12;Pos_ctrl
267;9;9;210429_E21-002_RAS16-synergy;4255;CELLBIO-LAB009;4605;2021-04-29T14:00:02Z;4655;K21;11;21;1;1;10;468;192;[425,147,529,238];2977.13;0.670454;7506.84;13;Pos_ctrl
268;10;10;210429_E21-002_RAS16-synergy;4255;CELLBIO-LAB009;4605;2021-04-29T14:00:02Z;4655;K21;11;21;1;1;11;1669;169;[1635,154,1689,188];2511.98;0.543322;1055.07;14;Pos_ctrl
269;11;11;210429_E21-002_RAS16-synergy;4255;CELLBIO-LAB009;4605;2021-04-29T14:00:02Z;4655;K21;11;21;1;1;12;138;191;[87,154,177,228];2447.78;0.604389;4504.53;15;Pos_ctrl
270;12;12;210429_E21-002_RAS16-synergy;4255;CELLBIO-LAB009;4605;2021-04-29T14:00:02Z;4655;K21;11;21;1;1;13;1822;220;[1804,164,1866,243];2521.52;0.276136;2370.97;16;Pos_ctrl
271;13;13;210429_E21-002_RAS16-synergy;4255;CELLBIO-LAB009;4605;2021-04-29T14:00:02Z;4655;K21;11;21;1;1;14;728;212;[616,163,781,279];3337.01;0.434049;10337.7;17;Pos_ctrl
272;14;14;210429_E21-002_RAS16-synergy;4255;CELLBIO-LAB009;4605;2021-04-29T14:00:02Z;4655;K21;11;21;1;1;15;597;241;[563,171,633,273];2824.83;0.57792;4134.03;18;Pos_ctrl
273;15;15;210429_E21-002_RAS16-synergy;4255;CELLBIO-LAB009;4605;2021-04-29T14:00:02Z;4655;K21;11;21;1;1;16;1582;221;[1527,182,1628,313];2822.71;0.415169;5936.48;19;Pos_ctrl
274;16;16;210429_E21-002_RAS16-synergy;4255;CELLBIO-LAB009;4605;2021-04-29T14:00:02Z;4655;K21;11;21;1;1;17;1966;235;[1946,197,2001,268];2098.72;0.406124;2451.89;20;Pos_ctrl
275;17;17;210429_E21-002_RAS16-synergy;4255;CELLBIO-LAB009;4605;2021-04-29T14:00:02Z;4655;K21;11;21;1;1;18;1334;236;[1289,211,1359,272];2857.99;0.691248;2521.09;21;Pos_ctrl
276;18;18;210429_E21-002_RAS16-synergy;4255;CELLBIO-LAB009;4605;2021-04-29T14:00:02Z;4655;K21;11;21;1;1;19;1275;207;[1222,168,1322,308];2957.26;0.498447;7732.54;22;Pos_ctrl
277;19;19;210429_E21-002_RAS16-synergy;4255;CELLBIO-LAB009;4605;2021-04-29T14:00:02Z;4655;K21;11;21;1;1;20;1637;275;[1597,245,1689,299];3267.11;0.555896;3352.58;23;Pos_ctrl
278;20;20;210429_E21-002_RAS16-synergy;4255;CELLBIO-LAB009;4605;2021-04-29T14:00:02Z;4655;K21;11;21;1;1;21;918;329;[878,276,955,366];2987.17;0.604912;4566.28;24;Pos_ctrl
279;21;21;210429_E21-002_RAS16-synergy;4255;CELLBIO-LAB009;4605;2021-04-29T14:00:02Z;4655;K21;11;21;1;1;22;257;304;[239,285,291,322];2273.24;0.5368;1171.11;25;Pos_ctrl
280;22;22;210429_E21-002_RAS16-synergy;4255;CELLBIO-LAB009;4605;2021-04-29T14:00:02Z;4655;K21;11;21;1;1;23;201;347;[146,307,250,384];2526.01;0.554368;5193.36;26;Pos_ctrl
281;23;23;210429_E21-002_RAS16-synergy;4255;CELLBIO-LAB009;4605;2021-04-29T14:00:02Z;4655;K21;11;21;1;1;24;281;428;[248,385,303,449];2334.44;0.47323;2252.8;27;Pos_ctrl
282;24;24;210429_E21-002_RAS16-synergy;4255;CELLBIO-LAB009;4605;2021-04-29T14:00:02Z;4655;K21;11;21;1;1;25;1377;434;[1331,396,1426,500];3014.83;0.616142;5699.06;28;Pos_ctrl
283;25;25;210429_E21-002_RAS16-synergy;4255;CELLBIO-LAB009;4605;2021-04-29T14:00:02Z;4655;K21;11;21;1;1;26;321;439;[296,409,352,469];2476.83;0.651994;2246.41;29;Pos_ctrl
284;26;26;210429_E21-002_RAS16-synergy;4255;CELLBIO-LAB009;4605;2021-04-29T14:00:02Z;4655;K21;11;21;1;1;27;1248;434;[1224,412,1271,469];2747.67;0.689272;1905.72;30;Pos_ctrl
285;27;27;210429_E21-002_RAS16-synergy;4255;CELLBIO-LAB009;4605;2021-04-29T14:00:02Z;4655;K21;11;21;1;1;28;1334;458;[1314,434,1370,490];2933.28;0.658932;1769.45;31;Pos_ctrl
286;28;28;210429_E21-002_RAS16-synergy;4255;CELLBIO-LAB009;4605;2021-04-29T14:00:02Z;4655;K21;11;21;1;1;29;1272;513;[1202,460,1373,566];3033.19;0.434264;7720.83;32;Pos_ctrl
287;29;29;210429_E21-002_RAS16-synergy;4255;CELLBIO-LAB009;4605;2021-04-29T14:00:02Z;4655;K21;11;21;1;1;30;445;526;[425,472,467,541];2228.49;0.41255;1467.09;33;Pos_ctrl
288;30;30;210429_E21-002_RAS16-synergy;4255;CELLBIO-LAB009;4605;2021-04-29T14:00:02Z;4655;K21;11;21;1;1;31;361;511;[335,488,423,554];2329.97;0.415252;3630.45;34;Pos_ctrl
289;31;31;210429_E21-002_RAS16-synergy;4255;CELLBIO-LAB009;4605;2021-04-29T14:00:02Z;4655;K21;11;21;1;1;32;126;556;[89,533,159,575];2645.68;0.660511;1684.27;35;Pos_ctrl
290;32;32;210429_E21-002_RAS16-synergy;4255;CELLBIO-LAB009;4605;2021-04-29T14:00:02Z;4655;K21;11;21;1;1;33;907;582;[881,545,934,602];2165.36;0.298964;1740.7;36;Pos_ctrl
291;33;33;210429_E21-002_RAS16-synergy;4255;CELLBIO-LAB009;4605;2021-04-29T14:00:02Z;4655;K21;11;21;1;1;34;131;604;[78,573,170,641];2426.82;0.583786;4228.78;37;Pos_ctrl
292;34;34;210429_E21-002_RAS16-synergy;4255;CELLBIO-LAB009;4605;2021-04-29T14:00:02Z;4655;K21;11;21;1;1;35;1562;598;[1531,576,1581,632];2398.67;0.446756;1730.05;38;Pos_ctrl
293;35;35;210429_E21-002_RAS16-synergy;4255;CELLBIO-LAB009;4605;2021-04-29T14:00:02Z;4655;K21;11;21;1;1;36;1446;652;[1419,627,1473,679];2482.0;0.66819;2211.28;39;Pos_ctrl
294;36;36;210429_E21-002_RAS16-synergy;4255;CELLBIO-LAB009;4605;2021-04-29T14:00:02Z;4655;K21;11;21;1;1;37;2094;657;[2071,641,2154,718];2438.94;0.306159;2714.85;40;Pos_ctrl
295;37;37;210429_E21-002_RAS16-synergy;4255;CELLBIO-LAB009;4605;2021-04-29T14:00:02Z;4655;K21;11;21;1;1;38;267;698;[218,670,306,736];2220.65;0.503589;3601.71;41;Pos_ctrl
296;38;38;210429_E21-002_RAS16-synergy;4255;CELLBIO-LAB009;4605;2021-04-29T14:00:02Z;4655;K21;11;21;1;1;39;1187;766;[1129,699,1230,800];2646.51;0.458405;5519.14;42;Pos_ctrl
297;39;39;210429_E21-002_RAS16-synergy;4255;CELLBIO-LAB009;4605;2021-04-29T14:00:02Z;4655;K21;11;21;1;1;40;1720;731;[1687,682,1773,776];2858.51;0.587956;5361.57;43;Pos_ctrl
298;40;40;210429_E21-002_RAS16-synergy;4255;CELLBIO-LAB009;4605;2021-04-29T14:00:02Z;4655;K21;11;21;1;1;41;602;835;[581,794,628,858];2906.35;0.680157;2277.28;44;Pos_ctrl
299;41;41;210429_E21-002_RAS16-synergy;4255;CELLBIO-LAB009;4605;2021-04-29T14:00:02Z;4655;K21;11;21;1;1;42;561;847;[530,816,582,863];2512.86;0.586486;1345.72;46;Pos_ctrl
300;42;42;210429_E21-002_RAS16-synergy;4255;CELLBIO-LAB009;4605;2021-04-29T14:00:02Z;4655;K21;11;21;1;1;43;1707;852;[1688,824,1734,888];2277.19;0.380232;1774.77;47;Pos_ctrl
301;43;43;210429_E21-002_RAS16-synergy;4255;CELLBIO-LAB009;4605;2021-04-29T14:00:02Z;4655;K21;11;21;1;1;44;795;882;[751,832,845,915];2889.2;0.625618;4976.17;48;Pos_ctrl
302;44;44;210429_E21-002_RAS16-synergy;4255;CELLBIO-LAB009;4605;2021-04-29T14:00:02Z;4655;K21;11;21;1;1;45;618;884;[579,835,676,930];2973.86;0.608382;5276.4;49;Pos_ctrl
303;45;45;210429_E21-002_RAS16-synergy;4255;CELLBIO-LAB009;4605;2021-04-29T14:00:02Z;4655;K21;11;21;1;1;46;311;867;[273,844,337,904];2678.59;0.642259;2462.53;50;Pos_ctrl
304;46;46;210429_E21-002_RAS16-synergy;4255;CELLBIO-LAB009;4605;2021-04-29T14:00:02Z;4655;K21;11;21;1;1;47;55;874;[6,850,94,901];2485.64;0.533218;2417.82;51;Pos_ctrl
305;47;47;210429_E21-002_RAS16-synergy;4255;CELLBIO-LAB009;4605;2021-04-29T14:00:02Z;4655;K21;11;21;1;1;48;276;910;[237,869,304,939];2468.23;0.699122;3192.88;52;Pos_ctrl
306;48;48;210429_E21-002_RAS16-synergy;4255;CELLBIO-LAB009;4605;2021-04-29T14:00:02Z;4655;K21;11;21;1;1;49;568;900;[522,870,599,941];2513.83;0.564689;3438.82;53;Pos_ctrl
307;49;49;210429_E21-002_RAS16-synergy;4255;CELLBIO-LAB009;4605;2021-04-29T14:00:02Z;4655;K21;11;21;1;1;50;316;938;[296,901,339,953];2642.24;0.614706;1419.18;54;Pos_ctrl
308;50;50;210429_E21-002_RAS16-synergy;4255;CELLBIO-LAB009;4605;2021-04-29T14:00:02Z;4655;K21;11;21;1;1;51;557;1025;[507,982,614,1118];2890.47;0.555627;9786.25;56;Pos_ctrl
309;51;51;210429_E21-002_RAS16-synergy;4255;CELLBIO-LAB009;4605;2021-04-29T14:00:02Z;4655;K21;11;21;1;1;52;359;1021;[305,985,397,1063];2607.71;0.574729;4588.64;57;Pos_ctrl
310;52;52;210429_E21-002_RAS16-synergy;4255;CELLBIO-LAB009;4605;2021-04-29T14:00:02Z;4655;K21;11;21;1;1;53;1538;1051;[1490,1018,1567,1088];2745.92;0.476636;3245.05;58;Pos_ctrl
311;53;53;210429_E21-002_RAS16-synergy;4255;CELLBIO-LAB009;4605;2021-04-29T14:00:02Z;4655;K21;11;21;1;1;54;1868;1155;[1842,1112,1894,1177];2423.77;0.38072;1731.12;59;Pos_ctrl
312;54;54;210429_E21-002_RAS16-synergy;4255;CELLBIO-LAB009;4605;2021-04-29T14:00:02Z;4655;K21;11;21;1;1;55;130;1151;[104,1137,157,1172];2538.78;0.67132;1359.56;60;Pos_ctrl
313;55;55;210429_E21-002_RAS16-synergy;4255;CELLBIO-LAB009;4605;2021-04-29T14:00:02Z;4655;K21;11;21;1;1;56;1252;1200;[1222,1160,1277,1229];2452.4;0.565457;2517.89;61;Pos_ctrl
314;56;56;210429_E21-002_RAS16-synergy;4255;CELLBIO-LAB009;4605;2021-04-29T14:00:02Z;4655;K21;11;21;1;1;57;1211;1179;[1177,1161,1234,1228];2426.9;0.543938;2169.75;62;Pos_ctrl
315;57;57;210429_E21-002_RAS16-synergy;4255;CELLBIO-LAB009;4605;2021-04-29T14:00:02Z;4655;K21;11;21;1;1;58;1955;1196;[1931,1167,2001,1236];2131.52;0.233305;2283.67;63;Pos_ctrl
316;58;58;210429_E21-002_RAS16-synergy;4255;CELLBIO-LAB009;4605;2021-04-29T14:00:02Z;4655;K21;11;21;1;1;59;456;1319;[414,1265,482,1347];2372.06;0.462228;3468.63;64;Pos_ctrl
317;59;59;210429_E21-002_RAS16-synergy;4255;CELLBIO-LAB009;4605;2021-04-29T14:00:02Z;4655;K21;11;21;1;1;60;2048;1432;[2005,1399,2111,1466];2972.29;0.635031;5010.24;65;Pos_ctrl
318;60;60;210429_E21-002_RAS16-synergy;4255;CELLBIO-LAB009;4605;2021-04-29T14:00:02Z;4655;K21;11;21;1;1;61;1097;1448;[1050,1401,1164,1500];3179.27;0.692684;6748.81;66;Pos_ctrl
319;61;61;210429_E21-002_RAS16-synergy;4255;CELLBIO-LAB009;4605;2021-04-29T14:00:02Z;4655;K21;11;21;1;1;62;107;1459;[61,1423,147,1530];2630.8;0.612404;5861.96;67;Pos_ctrl
320;62;62;210429_E21-002_RAS16-synergy;4255;CELLBIO-LAB009;4605;2021-04-29T14:00:02Z;4655;K21;11;21;1;1;63;1207;1533;[1183,1515,1251,1551];2629.11;0.553117;1690.66;68;Pos_ctrl
321;63;63;210429_E21-002_RAS16-synergy;4255;CELLBIO-LAB009;4605;2021-04-29T14:00:02Z;4655;K21;11;21;1;1;64;1360;1578;[1306,1531,1418,1632];3145.81;0.700562;8427.76;69;Pos_ctrl
322;64;64;210429_E21-002_RAS16-synergy;4255;CELLBIO-LAB009;4605;2021-04-29T14:00:02Z;4655;K21;11;21;1;1;65;1213;1590;[1186,1550,1242,1614];2795.21;0.677301;2619.04;70;Pos_ctrl
323;65;65;210429_E21-002_RAS16-synergy;4255;CELLBIO-LAB009;4605;2021-04-29T14:00:02Z;4655;K21;11;21;1;1;66;519;1616;[485,1571,566,1666];2346.9;0.507949;4415.1;71;Pos_ctrl
324;66;66;210429_E21-002_RAS16-synergy;4255;CELLBIO-LAB009;4605;2021-04-29T14:00:02Z;4655;K21;11;21;1;1;67;516;1778;[494,1755,533,1802];2673.43;0.700871;1253.09;72;Pos_ctrl
325;67;67;210429_E21-002_RAS16-synergy;4255;CELLBIO-LAB009;4605;2021-04-29T14:00:02Z;4655;K21;11;21;1;1;68;1073;1879;[1039,1816,1117,1933];2815.69;0.566097;5633.06;73;Pos_ctrl
326;68;68;210429_E21-002_RAS16-synergy;4255;CELLBIO-LAB009;4605;2021-04-29T14:00:02Z;4655;K21;11;21;1;1;69;176;1866;[156,1846,199,1898];2196.41;0.67445;1705.57;75;Pos_ctrl
327;69;69;210429_E21-002_RAS16-synergy;4255;CELLBIO-LAB009;4605;2021-04-29T14:00:02Z;4655;K21;11;21;1;1;70;1082;1977;[1038,1931,1132,2016];2803.68;0.613706;5537.24;76;Pos_ctrl
328;70;70;210429_E21-002_RAS16-synergy;4255;CELLBIO-LAB009;4605;2021-04-29T14:00:02Z;4655;K21;11;21;1;1;71;74;2036;[39,1989,117,2093];2304.78;0.639707;4919.74;77;Pos_ctrl
329;71;71;210429_E21-002_RAS16-synergy;4255;CELLBIO-LAB009;4605;2021-04-29T14:00:02Z;4655;K21;11;21;1;1;72;532;2123;[478,2095,558,2159];2338.36;0.549765;3185.43;78;Pos_ctrl
330;72;72;210429_E21-002_RAS16-synergy;4255;CELLBIO-LAB009;4605;2021-04-29T14:00:02Z;4655;K21;11;21;1;1;73;666;503;[651,408,679,567];2069.14;0.338588;2255.99;80;Pos_ctrl
331;73;73;210429_E21-002_RAS16-synergy;4255;CELLBIO-LAB009;4605;2021-04-29T14:00:02Z;4655;K21;11;21;1;1;74;635;492;[623,414,649,585];2063.51;0.211145;1981.31;81;Pos_ctrl
332;74;74;210429_E21-002_RAS16-synergy;4255;CELLBIO-LAB009;4605;2021-04-29T14:00:02Z;4655;K21;11;21;1;1;75;1323;679;[1256,627,1375,688];2061.11;0.185477;1565.03;82;Pos_ctrl
333;75;75;210429_E21-002_RAS16-synergy;4255;CELLBIO-LAB009;4605;2021-04-29T14:00:02Z;4655;K21;11;21;1;1;76;798;1282;[646,1148,845,1317];2065.55;0.0434006;5839.6;83;Pos_ctrl
334;76;76;210429_E21-002_RAS16-synergy;4255;CELLBIO-LAB009;4605;2021-04-29T14:00:02Z;4655;K21;11;21;1;1;77;891;1262;[881,1153,900,1286];2063.28;0.162138;1871.65;84;Pos_ctrl
335;77;77;210429_E21-002_RAS16-synergy;4255;CELLBIO-LAB009;4605;2021-04-29T14:00:02Z;4655;K21;11;21;1;1;78;1442;1348;[1424,1223,1465,1435];2059.6;0.112731;2742.54;85;Pos_ctrl
336;78;78;210429_E21-002_RAS16-synergy;4255;CELLBIO-LAB009;4605;2021-04-29T14:00:02Z;4655;K21;11;21;1;1;79;835;1397;[810,1357,997,1533];2062.7;0.0981005;3660.26;86;Pos_ctrl
337;79;79;210429_E21-002_RAS16-synergy;4255;CELLBIO-LAB009;4605;2021-04-29T14:00:02Z;4655;K21;11;21;1;1;80;839;1420;[832,1415,966,1504];2058.55;0.0889766;1392.56;87;Pos_ctrl
338;80;80;210429_E21-002_RAS16-synergy;4255;CELLBIO-LAB009;4605;2021-04-29T14:00:02Z;4655;K21;11;21;1;1;81;1741;162;[1712,123,1780,204];2074.8;0.21987;2583.9;88;Pos_ctrl
339;81;81;210429_E21-002_RAS16-synergy;4255;CELLBIO-LAB009;4605;2021-04-29T14:00:02Z;4655;K21;11;21;1;1;82;2125;536;[2090,520,2144,564];2395.59;0.387549;1435.15;89;Pos_ctrl
340;82;82;210429_E21-002_RAS16-synergy;4255;CELLBIO-LAB009;4605;2021-04-29T14:00:02Z;4655;K21;11;21;1;1;83;2122;635;[2083,616,2141,652];2515.68;0.533543;1289.29;90;Pos_ctrl
341;83;83;210429_E21-002_RAS16-synergy;4255;CELLBIO-LAB009;4605;2021-04-29T14:00:02Z;4655;K21;11;21;1;1;84;2049;880;[2017,862,2073,896];2811.45;0.447829;1145.56;91;Pos_ctrl
348;0;0;210429_E21-002_RAS16-synergy;4255;CELLBIO-LAB009;4605;2021-04-29T14:00:02Z;4655;L21;12;21;1;1;1;219;351;[200,341,278,396];2370.5;0.334127;1537.35;1;Pos_ctrl
349;1;1;210429_E21-002_RAS16-synergy;4255;CELLBIO-LAB009;4605;2021-04-29T14:00:02Z;4655;L21;12;21;1;1;2;67;494;[23,456,112,521];2216.2;0.391293;2502.99;2;Pos_ctrl
350;2;2;210429_E21-002_RAS16-synergy;4255;CELLBIO-LAB009;4605;2021-04-29T14:00:02Z;4655;L21;12;21;1;1;3;1258;735;[1202,713,1281,757];2443.6;0.459174;1511.8;3;Pos_ctrl
351;3;3;210429_E21-002_RAS16-synergy;4255;CELLBIO-LAB009;4605;2021-04-29T14:00:02Z;4655;L21;12;21;1;1;4;360;746;[307,731,390,758];2148.74;0.312595;1138.11;4;Pos_ctrl
352;4;4;210429_E21-002_RAS16-synergy;4255;CELLBIO-LAB009;4605;2021-04-29T14:00:02Z;4655;L21;12;21;1;1;5;2180;1039;[2164,1021,2203,1060];2286.18;0.650516;1010.35;5;Pos_ctrl
353;5;5;210429_E21-002_RAS16-synergy;4255;CELLBIO-LAB009;4605;2021-04-29T14:00:02Z;4655;L21;12;21;1;1;6;1156;1321;[1115,1307,1170,1357];2413.75;0.635311;1398.95;6;Pos_ctrl
354;6;6;210429_E21-002_RAS16-synergy;4255;CELLBIO-LAB009;4605;2021-04-29T14:00:02Z;4655;L21;12;21;1;1;7;761;29;[744,13,800,78];2338.17;0.461203;2075.0;10;Pos_ctrl
355;7;7;210429_E21-002_RAS16-synergy;4255;CELLBIO-LAB009;4605;2021-04-29T14:00:02Z;4655;L21;12;21;1;1;8;1471;135;[1420,100,1524,165];2400.76;0.447812;3995.63;11;Pos_ctrl
356;8;8;210429_E21-002_RAS16-synergy;4255;CELLBIO-LAB009;4605;2021-04-29T14:00:02Z;4655;L21;12;21;1;1;9;669;148;[637,105,690,178];2362.35;0.391333;2279.41;12;Pos_ctrl
357;9;9;210429_E21-002_RAS16-synergy;4255;CELLBIO-LAB009;4605;2021-04-29T14:00:02Z;4655;L21;12;21;1;1;10;287;163;[250,124,337,226];2632.09;0.576186;5620.28;13;Pos_ctrl
358;10;10;210429_E21-002_RAS16-synergy;4255;CELLBIO-LAB009;4605;2021-04-29T14:00:02Z;4655;L21;12;21;1;1;11;1042;227;[998,167,1080,271];2708.25;0.449978;4336.31;14;Pos_ctrl
359;11;11;210429_E21-002_RAS16-synergy;4255;CELLBIO-LAB009;4605;2021-04-29T14:00:02Z;4655;L21;12;21;1;1;12;470;267;[401,239,505,319];2405.52;0.263579;3930.68;15;Pos_ctrl
360;12;12;210429_E21-002_RAS16-synergy;4255;CELLBIO-LAB009;4605;2021-04-29T14:00:02Z;4655;L21;12;21;1;1;13;185;308;[140,268,272,373];2390.22;0.491454;7559.01;16;Pos_ctrl
361;13;13;210429_E21-002_RAS16-synergy;4255;CELLBIO-LAB009;4605;2021-04-29T14:00:02Z;4655;L21;12;21;1;1;14;1270;359;[1210,301,1302,396];2623.27;0.47474;4692.97;17;Pos_ctrl
362;14;14;210429_E21-002_RAS16-synergy;4255;CELLBIO-LAB009;4605;2021-04-29T14:00:02Z;4655;L21;12;21;1;1;15;298;381;[273,362,344,418];2436.31;0.622973;1989.83;18;Pos_ctrl
363;15;15;210429_E21-002_RAS16-synergy;4255;CELLBIO-LAB009;4605;2021-04-29T14:00:02Z;4655;L21;12;21;1;1;16;1890;429;[1845,395,1919,462];2495.83;0.62305;3472.88;19;Pos_ctrl
364;16;16;210429_E21-002_RAS16-synergy;4255;CELLBIO-LAB009;4605;2021-04-29T14:00:02Z;4655;L21;12;21;1;1;17;279;460;[220,393,339,526];2504.91;0.471594;10561.3;20;Pos_ctrl
365;17;17;210429_E21-002_RAS16-synergy;4255;CELLBIO-LAB009;4605;2021-04-29T14:00:02Z;4655;L21;12;21;1;1;18;872;465;[845,433,904,491];2884.91;0.622849;2528.54;21;Pos_ctrl
366;18;18;210429_E21-002_RAS16-synergy;4255;CELLBIO-LAB009;4605;2021-04-29T14:00:02Z;4655;L21;12;21;1;1;19;1235;492;[1209,471,1254,540];2366.56;0.401489;1870.59;22;Pos_ctrl
367;19;19;210429_E21-002_RAS16-synergy;4255;CELLBIO-LAB009;4605;2021-04-29T14:00:02Z;4655;L21;12;21;1;1;20;994;507;[959,484,1042,539];2612.22;0.455782;2817.06;23;Pos_ctrl
368;20;20;210429_E21-002_RAS16-synergy;4255;CELLBIO-LAB009;4605;2021-04-29T14:00:02Z;4655;L21;12;21;1;1;21;120;561;[61,503,197,626];2671.84;0.64869;12386.1;24;Pos_ctrl
369;21;21;210429_E21-002_RAS16-synergy;4255;CELLBIO-LAB009;4605;2021-04-29T14:00:02Z;4655;L21;12;21;1;1;22;2119;652;[2048,613,2150,687];2404.73;0.515153;5318.99;25;Pos_ctrl
370;22;22;210429_E21-002_RAS16-synergy;4255;CELLBIO-LAB009;4605;2021-04-29T14:00:02Z;4655;L21;12;21;1;1;23;1202;689;[1167,647,1280,757];2690.04;0.455006;6556.11;26;Pos_ctrl
371;23;23;210429_E21-002_RAS16-synergy;4255;CELLBIO-LAB009;4605;2021-04-29T14:00:02Z;4655;L21;12;21;1;1;24;1278;757;[1259,734,1334,799];2277.1;0.552365;2674.4;27;Pos_ctrl
372;24;24;210429_E21-002_RAS16-synergy;4255;CELLBIO-LAB009;4605;2021-04-29T14:00:02Z;4655;L21;12;21;1;1;25;1372;768;[1350,753,1395,798];2200.35;0.301723;1025.26;28;Pos_ctrl
373;25;25;210429_E21-002_RAS16-synergy;4255;CELLBIO-LAB009;4605;2021-04-29T14:00:02Z;4655;L21;12;21;1;1;26;1235;791;[1191,756,1265,808];2520.24;0.467718;2275.15;29;Pos_ctrl
374;26;26;210429_E21-002_RAS16-synergy;4255;CELLBIO-LAB009;4605;2021-04-29T14:00:02Z;4655;L21;12;21;1;1;27;1342;895;[1311,870,1367,930];2270.87;0.482788;2053.71;30;Pos_ctrl
375;27;27;210429_E21-002_RAS16-synergy;4255;CELLBIO-LAB009;4605;2021-04-29T14:00:02Z;4655;L21;12;21;1;1;28;1414;909;[1389,888,1435,938];2600.72;0.458265;1230.73;31;Pos_ctrl
376;28;28;210429_E21-002_RAS16-synergy;4255;CELLBIO-LAB009;4605;2021-04-29T14:00:02Z;4655;L21;12;21;1;1;29;1821;940;[1759,890,1868,989];2799.74;0.690391;7406.76;32;Pos_ctrl
377;29;29;210429_E21-002_RAS16-synergy;4255;CELLBIO-LAB009;4605;2021-04-29T14:00:02Z;4655;L21;12;21;1;1;30;1439;983;[1396,968,1458,1004];2484.77;0.670675;1671.5;33;Pos_ctrl
378;30;30;210429_E21-002_RAS16-synergy;4255;CELLBIO-LAB009;4605;2021-04-29T14:00:02Z;4655;L21;12;21;1;1;31;1214;1026;[1166,974,1265,1082];1980.5;0.43875;8354.3;34;Pos_ctrl
379;31;31;210429_E21-002_RAS16-synergy;4255;CELLBIO-LAB009;4605;2021-04-29T14:00:02Z;4655;L21;12;21;1;1;32;1474;1023;[1428,994,1511,1061];2359.97;0.53505;3406.88;35;Pos_ctrl
380;32;32;210429_E21-002_RAS16-synergy;4255;CELLBIO-LAB009;4605;2021-04-29T14:00:02Z;4655;L21;12;21;1;1;33;1068;1059;[1048,1009,1138,1128];2199.24;0.265214;5001.72;36;Pos_ctrl
381;33;33;210429_E21-002_RAS16-synergy;4255;CELLBIO-LAB009;4605;2021-04-29T14:00:02Z;4655;L21;12;21;1;1;34;2137;1057;[2091,1024,2177,1108];2478.53;0.579809;4929.32;37;Pos_ctrl
382;34;34;210429_E21-002_RAS16-synergy;4255;CELLBIO-LAB009;4605;2021-04-29T14:00:02Z;4655;L21;12;21;1;1;35;1758;1263;[1699,1195,1842,1329];2901.6;0.653861;12603.3;38;Pos_ctrl
383;35;35;210429_E21-002_RAS16-synergy;4255;CELLBIO-LAB009;4605;2021-04-29T14:00:02Z;4655;L21;12;21;1;1;36;1114;1316;[1091,1297,1150,1335];2422.58;0.70687;1461.76;40;Pos_ctrl
384;36;36;210429_E21-002_RAS16-synergy;4255;CELLBIO-LAB009;4605;2021-04-29T14:00:02Z;4655;L21;12;21;1;1;37;1101;1365;[1070,1329,1125,1392];2540.79;0.662591;2264.51;41;Pos_ctrl
385;37;37;210429_E21-002_RAS16-synergy;4255;CELLBIO-LAB009;4605;2021-04-29T14:00:02Z;4655;L21;12;21;1;1;38;1167;1373;[1107,1342,1192,1423];2517.79;0.555778;3714.56;42;Pos_ctrl
386;38;38;210429_E21-002_RAS16-synergy;4255;CELLBIO-LAB009;4605;2021-04-29T14:00:02Z;4655;L21;12;21;1;1;39;1354;1369;[1317,1344,1386,1414];2213.6;0.387715;2850.06;43;Pos_ctrl
387;39;39;210429_E21-002_RAS16-synergy;4255;CELLBIO-LAB009;4605;2021-04-29T14:00:02Z;4655;L21;12;21;1;1;40;446;1524;[415,1473,486,1547];2384.4;0.413916;3026.8;44;Pos_ctrl
388;40;40;210429_E21-002_RAS16-synergy;4255;CELLBIO-LAB009;4605;2021-04-29T14:00:02Z;4655;L21;12;21;1;1;41;1203;1566;[1152,1496,1265,1614];2880.73;0.624414;9657.43;45;Pos_ctrl
389;41;41;210429_E21-002_RAS16-synergy;4255;CELLBIO-LAB009;4605;2021-04-29T14:00:02Z;4655;L21;12;21;1;1;42;1705;1776;[1655,1745,1741,1810];2523.93;0.626326;4129.77;46;Pos_ctrl
390;42;42;210429_E21-002_RAS16-synergy;4255;CELLBIO-LAB009;4605;2021-04-29T14:00:02Z;4655;L21;12;21;1;1;43;185;1789;[119,1748,227,1831];2308.76;0.544719;5594.73;47;Pos_ctrl
391;43;43;210429_E21-002_RAS16-synergy;4255;CELLBIO-LAB009;4605;2021-04-29T14:00:02Z;4655;L21;12;21;1;1;44;317;1805;[287,1783,337,1826];2466.65;0.779725;1495.83;48;Pos_ctrl
392;44;44;210429_E21-002_RAS16-synergy;4255;CELLBIO-LAB009;4605;2021-04-29T14:00:02Z;4655;L21;12;21;1;1;45;1038;1909;[1021,1882,1085,1933];2640.16;0.524986;1889.75;49;Pos_ctrl
393;45;45;210429_E21-002_RAS16-synergy;4255;CELLBIO-LAB009;4605;2021-04-29T14:00:02Z;4655;L21;12;21;1;1;46;998;1930;[973,1907,1038,1955];2601.09;0.600719;1983.44;50;Pos_ctrl
394;46;46;210429_E21-002_RAS16-synergy;4255;CELLBIO-LAB009;4605;2021-04-29T14:00:02Z;4655;L21;12;21;1;1;47;630;1961;[602,1918,668,2013];2239.81;0.377745;3437.75;51;Pos_ctrl
395;47;47;210429_E21-002_RAS16-synergy;4255;CELLBIO-LAB009;4605;2021-04-29T14:00:02Z;4655;L21;12;21;1;1;48;1857;1987;[1837,1968,1873,2020];2382.45;0.564597;1212.63;53;Pos_ctrl
396;48;48;210429_E21-002_RAS16-synergy;4255;CELLBIO-LAB009;4605;2021-04-29T14:00:02Z;4655;L21;12;21;1;1;49;362;2135;[297,2092,414,2180];2177.46;0.491673;5407.35;54;Pos_ctrl
397;49;49;210429_E21-002_RAS16-synergy;4255;CELLBIO-LAB009;4605;2021-04-29T14:00:02Z;4655;L21;12;21;1;1;50;1641;2143;[1556,2108,1670,2204];2216.83;0.483422;6215.42;55;Pos_ctrl
398;50;50;210429_E21-002_RAS16-synergy;4255;CELLBIO-LAB009;4605;2021-04-29T14:00:02Z;4655;L21;12;21;1;1;51;758;2155;[732,2126,806,2191];2257.12;0.479077;2753.18;56;Pos_ctrl
400;52;52;210429_E21-002_RAS16-synergy;4255;CELLBIO-LAB009;4605;2021-04-29T14:00:02Z;4655;L21;12;21;1;1;53;1351;472;[1265,335,1531,612];2022.92;0.0851765;34784.2;58;Pos_ctrl
401;53;53;210429_E21-002_RAS16-synergy;4255;CELLBIO-LAB009;4605;2021-04-29T14:00:02Z;4655;L21;12;21;1;1;54;1676;417;[1564,409,1783,437];1994.5;0.0503348;2580.71;59;Pos_ctrl
402;54;54;210429_E21-002_RAS16-synergy;4255;CELLBIO-LAB009;4605;2021-04-29T14:00:02Z;4655;L21;12;21;1;1;55;400;171;[348,118,458,233];2049.93;0.386169;8757.8;60;Pos_ctrl
403;55;55;210429_E21-002_RAS16-synergy;4255;CELLBIO-LAB009;4605;2021-04-29T14:00:02Z;4655;L21;12;21;1;1;56;974;188;[959,161,1004,206];2313.37;0.410604;1009.29;61;Pos_ctrl
404;56;56;210429_E21-002_RAS16-synergy;4255;CELLBIO-LAB009;4605;2021-04-29T14:00:02Z;4655;L21;12;21;1;1;57;1802;233;[1759,187,1840,251];1975.81;0.137406;1928.08;62;Pos_ctrl
405;57;57;210429_E21-002_RAS16-synergy;4255;CELLBIO-LAB009;4605;2021-04-29T14:00:02Z;4655;L21;12;21;1;1;58;258;1581;[5,1461,334,1634];2100.42;0.386274;29307.7;63;Pos_ctrl
406;0;0;210429_E21-002_RAS16-synergy;4255;CELLBIO-LAB009;4605;2021-04-29T14:00:02Z;4655;L22;12;22;1;1;1;301;82;[258,59,340,100];2265.69;0.480023;1945.11;1;Pos_ctrl
407;1;1;210429_E21-002_RAS16-synergy;4255;CELLBIO-LAB009;4605;2021-04-29T14:00:02Z;4655;L22;12;22;1;1;2;432;819;[391,804,452,850];2383.55;0.582393;1685.34;2;Pos_ctrl
408;2;2;210429_E21-002_RAS16-synergy;4255;CELLBIO-LAB009;4605;2021-04-29T14:00:02Z;4655;L22;12;22;1;1;3;1156;1178;[1118,1158,1173,1230];2263.48;0.448865;2019.64;3;Pos_ctrl
409;3;3;210429_E21-002_RAS16-synergy;4255;CELLBIO-LAB009;4605;2021-04-29T14:00:02Z;4655;L22;12;22;1;1;4;1182;49;[1148,19,1223,91];2485.33;0.595824;3181.17;4;Pos_ctrl
410;4;4;210429_E21-002_RAS16-synergy;4255;CELLBIO-LAB009;4605;2021-04-29T14:00:02Z;4655;L22;12;22;1;1;5;1202;76;[1181,61,1225,102];2347.6;0.678732;1334.0;6;Pos_ctrl
411;5;5;210429_E21-002_RAS16-synergy;4255;CELLBIO-LAB009;4605;2021-04-29T14:00:02Z;4655;L22;12;22;1;1;6;328;105;[278,79,371,136];2758.89;0.566413;2929.91;7;Pos_ctrl
412;6;6;210429_E21-002_RAS16-synergy;4255;CELLBIO-LAB009;4605;2021-04-29T14:00:02Z;4655;L22;12;22;1;1;7;2128;138;[2109,111,2154,172];2364.67;0.509729;1585.26;8;Pos_ctrl
413;7;7;210429_E21-002_RAS16-synergy;4255;CELLBIO-LAB009;4605;2021-04-29T14:00:02Z;4655;L22;12;22;1;1;8;1909;164;[1871,134,1959,195];2672.29;0.729058;3984.98;9;Pos_ctrl
414;8;8;210429_E21-002_RAS16-synergy;4255;CELLBIO-LAB009;4605;2021-04-29T14:00:02Z;4655;L22;12;22;1;1;9;839;184;[815,145,874,199];2227.91;0.227701;1280.77;10;Pos_ctrl
415;9;9;210429_E21-002_RAS16-synergy;4255;CELLBIO-LAB009;4605;2021-04-29T14:00:02Z;4655;L22;12;22;1;1;10;1409;203;[1381,172,1445,249];2737.83;0.52183;3294.02;11;Pos_ctrl
416;10;10;210429_E21-002_RAS16-synergy;4255;CELLBIO-LAB009;4605;2021-04-29T14:00:02Z;4655;L22;12;22;1;1;11;2108;204;[2088,184,2142,239];2243.94;0.532578;1491.57;12;Pos_ctrl
417;11;11;210429_E21-002_RAS16-synergy;4255;CELLBIO-LAB009;4605;2021-04-29T14:00:02Z;4655;L22;12;22;1;1;12;1742;216;[1700,193,1776,269];2344.83;0.381392;3085.35;13;Pos_ctrl
418;12;12;210429_E21-002_RAS16-synergy;4255;CELLBIO-LAB009;4605;2021-04-29T14:00:02Z;4655;L22;12;22;1;1;13;1920;210;[1880,193,1937,242];2488.22;0.614545;1481.99;14;Pos_ctrl
419;13;13;210429_E21-002_RAS16-synergy;4255;CELLBIO-LAB009;4605;2021-04-29T14:00:02Z;4655;L22;12;22;1;1;14;692;232;[660,206,738,273];2780.91;0.481843;2584.97;15;Pos_ctrl
420;14;14;210429_E21-002_RAS16-synergy;4255;CELLBIO-LAB009;4605;2021-04-29T14:00:02Z;4655;L22;12;22;1;1;15;2013;281;[1991,259,2054,305];2543.01;0.546984;2084.58;16;Pos_ctrl
421;15;15;210429_E21-002_RAS16-synergy;4255;CELLBIO-LAB009;4605;2021-04-29T14:00:02Z;4655;L22;12;22;1;1;16;2004;335;[1948,272,2039,375];2580.57;0.544764;5793.82;17;Pos_ctrl
422;16;16;210429_E21-002_RAS16-synergy;4255;CELLBIO-LAB009;4605;2021-04-29T14:00:02Z;4655;L22;12;22;1;1;17;835;315;[798,284,864,351];2784.38;0.624254;3287.64;18;Pos_ctrl
423;17;17;210429_E21-002_RAS16-synergy;4255;CELLBIO-LAB009;4605;2021-04-29T14:00:02Z;4655;L22;12;22;1;1;18;412;448;[353,403,458,497];2914.0;0.685619;6895.73;19;Pos_ctrl
424;18;18;210429_E21-002_RAS16-synergy;4255;CELLBIO-LAB009;4605;2021-04-29T14:00:02Z;4655;L22;12;22;1;1;19;272;505;[230,470,306,546];2499.24;0.45372;3914.71;20;Pos_ctrl
425;19;19;210429_E21-002_RAS16-synergy;4255;CELLBIO-LAB009;4605;2021-04-29T14:00:02Z;4655;L22;12;22;1;1;20;1404;526;[1347,478,1439,561];3060.11;0.608453;4471.52;21;Pos_ctrl
426;20;20;210429_E21-002_RAS16-synergy;4255;CELLBIO-LAB009;4605;2021-04-29T14:00:02Z;4655;L22;12;22;1;1;21;1172;651;[1149,623,1188,670];2180.85;0.393221;1058.26;22;Pos_ctrl
427;21;21;210429_E21-002_RAS16-synergy;4255;CELLBIO-LAB009;4605;2021-04-29T14:00:02Z;4655;L22;12;22;1;1;22;1220;728;[1138,689,1257,794];2584.62;0.474153;6449.64;23;Pos_ctrl
428;22;22;210429_E21-002_RAS16-synergy;4255;CELLBIO-LAB009;4605;2021-04-29T14:00:02Z;4655;L22;12;22;1;1;23;547;767;[504,732,589,801];2741.34;0.60428;3892.36;24;Pos_ctrl
429;23;23;210429_E21-002_RAS16-synergy;4255;CELLBIO-LAB009;4605;2021-04-29T14:00:02Z;4655;L22;12;22;1;1;24;410;787;[351,757,439,825];2391.21;0.505925;3316.38;25;Pos_ctrl
430;24;24;210429_E21-002_RAS16-synergy;4255;CELLBIO-LAB009;4605;2021-04-29T14:00:02Z;4655;L22;12;22;1;1;25;1077;852;[1054,812,1115,870];2076.08;0.212536;1397.88;26;Pos_ctrl
431;25;25;210429_E21-002_RAS16-synergy;4255;CELLBIO-LAB009;4605;2021-04-29T14:00:02Z;4655;L22;12;22;1;1;26;1646;900;[1618,876,1678,943];2213.66;0.427289;2506.18;27;Pos_ctrl
432;26;26;210429_E21-002_RAS16-synergy;4255;CELLBIO-LAB009;4605;2021-04-29T14:00:02Z;4655;L22;12;22;1;1;27;253;934;[202,887,313,972];2684.15;0.614516;6186.67;28;Pos_ctrl
433;27;27;210429_E21-002_RAS16-synergy;4255;CELLBIO-LAB009;4605;2021-04-29T14:00:02Z;4655;L22;12;22;1;1;28;1625;983;[1597,964,1641,1009];2474.02;0.324516;1162.6;29;Pos_ctrl
434;28;28;210429_E21-002_RAS16-synergy;4255;CELLBIO-LAB009;4605;2021-04-29T14:00:02Z;4655;L22;12;22;1;1;29;592;1091;[524,1060,625,1115];2575.23;0.495389;3149.23;31;Pos_ctrl
435;29;29;210429_E21-002_RAS16-synergy;4255;CELLBIO-LAB009;4605;2021-04-29T14:00:02Z;4655;L22;12;22;1;1;30;1370;1088;[1340,1060,1403,1132];2560.65;0.658416;2984.21;32;Pos_ctrl
436;30;30;210429_E21-002_RAS16-synergy;4255;CELLBIO-LAB009;4605;2021-04-29T14:00:02Z;4655;L22;12;22;1;1;31;390;1080;[363,1062,419,1103];2207.78;0.424872;1269.06;33;Pos_ctrl
437;31;31;210429_E21-002_RAS16-synergy;4255;CELLBIO-LAB009;4605;2021-04-29T14:00:02Z;4655;L22;12;22;1;1;32;401;1171;[369,1143,435,1244];2462.62;0.465257;4748.33;34;Pos_ctrl
438;32;32;210429_E21-002_RAS16-synergy;4255;CELLBIO-LAB009;4605;2021-04-29T14:00:02Z;4655;L22;12;22;1;1;33;2083;1179;[2047,1155,2127,1210];2311.72;0.517598;2482.76;35;Pos_ctrl
439;33;33;210429_E21-002_RAS16-synergy;4255;CELLBIO-LAB009;4605;2021-04-29T14:00:02Z;4655;L22;12;22;1;1;34;2069;1224;[2026,1186,2092,1245];2353.8;0.46235;2297.51;36;Pos_ctrl
440;34;34;210429_E21-002_RAS16-synergy;4255;CELLBIO-LAB009;4605;2021-04-29T14:00:02Z;4655;L22;12;22;1;1;35;157;1242;[106,1194,215,1280];2575.57;0.632725;5728.87;38;Pos_ctrl
441;35;35;210429_E21-002_RAS16-synergy;4255;CELLBIO-LAB009;4605;2021-04-29T14:00:02Z;4655;L22;12;22;1;1;36;1133;1231;[1115,1205,1151,1258];2274.5;0.64575;1371.27;39;Pos_ctrl
442;36;36;210429_E21-002_RAS16-synergy;4255;CELLBIO-LAB009;4605;2021-04-29T14:00:02Z;4655;L22;12;22;1;1;37;503;1346;[449,1289,570,1418];3144.75;0.702296;11041.5;40;Pos_ctrl
443;37;37;210429_E21-002_RAS16-synergy;4255;CELLBIO-LAB009;4605;2021-04-29T14:00:02Z;4655;L22;12;22;1;1;38;164;1585;[111,1530,232,1660];2570.62;0.612577;11157.5;41;Pos_ctrl
444;38;38;210429_E21-002_RAS16-synergy;4255;CELLBIO-LAB009;4605;2021-04-29T14:00:02Z;4655;L22;12;22;1;1;39;1327;1649;[1306,1599,1361,1672];2565.88;0.494873;2588.16;42;Pos_ctrl
445;39;39;210429_E21-002_RAS16-synergy;4255;CELLBIO-LAB009;4605;2021-04-29T14:00:02Z;4655;L22;12;22;1;1;40;911;1769;[868,1742,939,1804];2849.94;0.674111;2738.28;43;Pos_ctrl
446;40;40;210429_E21-002_RAS16-synergy;4255;CELLBIO-LAB009;4605;2021-04-29T14:00:02Z;4655;L22;12;22;1;1;41;951;1803;[913,1760,979,1843];2754.45;0.610551;3311.06;44;Pos_ctrl
447;41;41;210429_E21-002_RAS16-synergy;4255;CELLBIO-LAB009;4605;2021-04-29T14:00:02Z;4655;L22;12;22;1;1;42;553;1823;[492,1764,628,1878];2998.69;0.611186;10050.3;45;Pos_ctrl
448;42;42;210429_E21-002_RAS16-synergy;4255;CELLBIO-LAB009;4605;2021-04-29T14:00:02Z;4655;L22;12;22;1;1;43;409;1958;[364,1914,449,1996];2401.72;0.498232;4749.4;46;Pos_ctrl
449;43;43;210429_E21-002_RAS16-synergy;4255;CELLBIO-LAB009;4605;2021-04-29T14:00:02Z;4655;L22;12;22;1;1;44;2147;2032;[2119,1987,2187,2068];2270.85;0.563802;3544.22;47;Pos_ctrl
450;44;44;210429_E21-002_RAS16-synergy;4255;CELLBIO-LAB009;4605;2021-04-29T14:00:02Z;4655;L22;12;22;1;1;45;1076;2152;[1042,2118,1106,2198];2325.12;0.54505;3465.43;48;Pos_ctrl
451;45;45;210429_E21-002_RAS16-synergy;4255;CELLBIO-LAB009;4605;2021-04-29T14:00:02Z;4655;L22;12;22;1;1;46;1635;2168;[1609,2145,1677,2201];2177.73;0.612062;2063.29;49;Pos_ctrl
453;47;47;210429_E21-002_RAS16-synergy;4255;CELLBIO-LAB009;4605;2021-04-29T14:00:02Z;4655;L22;12;22;1;1;48;1577;391;[1555,261,1594,411];1993.83;0.205563;2364.58;52;Pos_ctrl
454;48;48;210429_E21-002_RAS16-synergy;4255;CELLBIO-LAB009;4605;2021-04-29T14:00:02Z;4655;L22;12;22;1;1;49;1539;367;[1527,276,1553,390];1995.7;0.422456;1519.25;53;Pos_ctrl
455;49;49;210429_E21-002_RAS16-synergy;4255;CELLBIO-LAB009;4605;2021-04-29T14:00:02Z;4655;L22;12;22;1;1;50;1729;377;[1721,314,1747,421];1992.92;0.15029;1320.16;54;Pos_ctrl
456;50;50;210429_E21-002_RAS16-synergy;4255;CELLBIO-LAB009;4605;2021-04-29T14:00:02Z;4655;L22;12;22;1;1;51;1831;592;[1820,515,1838,720];1995.92;0.204626;1824.81;55;Pos_ctrl
457;51;51;210429_E21-002_RAS16-synergy;4255;CELLBIO-LAB009;4605;2021-04-29T14:00:02Z;4655;L22;12;22;1;1;52;1673;556;[1532,548,1694,567];1987.39;0.266188;1470.28;56;Pos_ctrl
458;52;52;210429_E21-002_RAS16-synergy;4255;CELLBIO-LAB009;4605;2021-04-29T14:00:02Z;4655;L22;12;22;1;1;53;1716;597;[1538,587,1735,631];1991.95;0.155229;3931.75;57;Pos_ctrl
459;53;53;210429_E21-002_RAS16-synergy;4255;CELLBIO-LAB009;4605;2021-04-29T14:00:02Z;4655;L22;12;22;1;1;54;1883;614;[1865,595,1965,685];1991.74;0.177593;2237.89;58;Pos_ctrl
460;54;54;210429_E21-002_RAS16-synergy;4255;CELLBIO-LAB009;4605;2021-04-29T14:00:02Z;4655;L22;12;22;1;1;55;1718;653;[1559,640,1732,665];1991.38;0.279398;1699.18;59;Pos_ctrl
461;55;55;210429_E21-002_RAS16-synergy;4255;CELLBIO-LAB009;4605;2021-04-29T14:00:02Z;4655;L22;12;22;1;1;56;1702;709;[1608,703,1719,715];1986.17;0.353375;1001.83;60;Pos_ctrl
462;56;56;210429_E21-002_RAS16-synergy;4255;CELLBIO-LAB009;4605;2021-04-29T14:00:02Z;4655;L22;12;22;1;1;57;1720;750;[1707,739,1808,762];1987.7;0.283633;1473.47;61;Pos_ctrl
463;57;57;210429_E21-002_RAS16-synergy;4255;CELLBIO-LAB009;4605;2021-04-29T14:00:02Z;4655;L22;12;22;1;1;58;1863;937;[1733,836,1913,968];1987.86;0.0639016;3340.87;62;Pos_ctrl
464;58;58;210429_E21-002_RAS16-synergy;4255;CELLBIO-LAB009;4605;2021-04-29T14:00:02Z;4655;L22;12;22;1;1;59;1085;1691;[1068,1660,1107,1718];2215.86;0.306158;1060.39;63;Pos_ctrl
