;index;Unnamed: 0;ScreenName;ScreenID;PlateName;PlateID;MeasurementDate;MeasurementID;WellName;Row;Column;Field;Timepoint;Object Number;X;Y;Bounding Box;mean_intensity;cell_round;cell_area;object_no;cond_name;alive_bool;status
0;0;0;210429_E21-002_RAS16-synergy;4255;CELLBIO-LAB009;4605;2021-04-29T14:00:02Z;4655;M21;13;21;1;1;1;1893;107;[1880,71,1925,122];2717.97;0.416943;1161.53;1;Vino120;False;dead
1;1;1;210429_E21-002_RAS16-synergy;4255;CELLBIO-LAB009;4605;2021-04-29T14:00:02Z;4655;M21;13;21;1;1;2;390;672;[375,643,423,691];2131.33;0.388664;1115.75;2;Vino120;False;dead
2;2;2;210429_E21-002_RAS16-synergy;4255;CELLBIO-LAB009;4605;2021-04-29T14:00:02Z;4655;M21;13;21;1;1;3;81;1044;[37,1034,90,1076];2527.54;0.389442;1138.11;3;Vino120;False;dead
3;3;3;210429_E21-002_RAS16-synergy;4255;CELLBIO-LAB009;4605;2021-04-29T14:00:02Z;4655;M21;13;21;1;1;4;536;46;[505,3,563,69];2838.82;0.56934;2185.72;5;Vino120;False;dead
4;4;4;210429_E21-002_RAS16-synergy;4255;CELLBIO-LAB009;4605;2021-04-29T14:00:02Z;4655;M21;13;21;1;1;5;833;35;[802,10,874,56];2460.82;0.538524;1885.49;6;Vino120;False;dead
5;5;5;210429_E21-002_RAS16-synergy;4255;CELLBIO-LAB009;4605;2021-04-29T14:00:02Z;4655;M21;13;21;1;1;6;1554;35;[1537,19,1579,58];2880.44;0.544152;1009.29;7;Vino120;False;dead
6;6;6;210429_E21-002_RAS16-synergy;4255;CELLBIO-LAB009;4605;2021-04-29T14:00:02Z;4655;M21;13;21;1;1;7;1947;78;[1919,52,1971,95];2662.62;0.474433;1248.83;8;Vino120;False;dead
7;7;7;210429_E21-002_RAS16-synergy;4255;CELLBIO-LAB009;4605;2021-04-29T14:00:02Z;4655;M21;13;21;1;1;8;1552;77;[1518,67,1564,118];2909.25;0.373894;1353.17;9;Vino120;False;dead
8;8;8;210429_E21-002_RAS16-synergy;4255;CELLBIO-LAB009;4605;2021-04-29T14:00:02Z;4655;M21;13;21;1;1;9;1852;176;[1797,134,1906,268];2655.53;0.383266;7086.3;10;Vino120;False;dead
9;9;9;210429_E21-002_RAS16-synergy;4255;CELLBIO-LAB009;4605;2021-04-29T14:00:02Z;4655;M21;13;21;1;1;10;1187;192;[1160,172,1221,248];2286.77;0.363903;2528.54;11;Vino120;False;dead
10;10;10;210429_E21-002_RAS16-synergy;4255;CELLBIO-LAB009;4605;2021-04-29T14:00:02Z;4655;M21;13;21;1;1;11;2011;245;[1983,217,2041,279];3191.83;0.705786;2422.08;12;Vino120;True;alive
11;11;11;210429_E21-002_RAS16-synergy;4255;CELLBIO-LAB009;4605;2021-04-29T14:00:02Z;4655;M21;13;21;1;1;12;1961;281;[1917,248,1992,352];3037.66;0.590695;5168.87;13;Vino120;False;dead
12;12;12;210429_E21-002_RAS16-synergy;4255;CELLBIO-LAB009;4605;2021-04-29T14:00:02Z;4655;M21;13;21;1;1;13;455;280;[430,257,480,302];2160.26;0.66613;1545.87;14;Vino120;False;dead
13;13;13;210429_E21-002_RAS16-synergy;4255;CELLBIO-LAB009;4605;2021-04-29T14:00:02Z;4655;M21;13;21;1;1;14;1571;377;[1548,347,1603,409];2678.92;0.693122;2152.72;15;Vino120;False;dead
14;14;14;210429_E21-002_RAS16-synergy;4255;CELLBIO-LAB009;4605;2021-04-29T14:00:02Z;4655;M21;13;21;1;1;15;1372;403;[1356,388,1415,434];2335.49;0.303332;1246.7;16;Vino120;False;dead
15;15;15;210429_E21-002_RAS16-synergy;4255;CELLBIO-LAB009;4605;2021-04-29T14:00:02Z;4655;M21;13;21;1;1;16;692;412;[673,386,710,434];2034.29;0.536363;1058.26;17;Vino120;False;dead
16;16;16;210429_E21-002_RAS16-synergy;4255;CELLBIO-LAB009;4605;2021-04-29T14:00:02Z;4655;M21;13;21;1;1;17;932;420;[907,397,961,450];2611.55;0.65869;1768.38;18;Vino120;False;dead
17;17;17;210429_E21-002_RAS16-synergy;4255;CELLBIO-LAB009;4605;2021-04-29T14:00:02Z;4655;M21;13;21;1;1;18;1899;522;[1875,488,1921,540];2470.07;0.25151;1178.57;19;Vino120;False;dead
18;18;18;210429_E21-002_RAS16-synergy;4255;CELLBIO-LAB009;4605;2021-04-29T14:00:02Z;4655;M21;13;21;1;1;19;2029;574;[2001,528,2058,607];2197.89;0.160324;2057.97;20;Vino120;False;dead
19;19;19;210429_E21-002_RAS16-synergy;4255;CELLBIO-LAB009;4605;2021-04-29T14:00:02Z;4655;M21;13;21;1;1;20;1748;600;[1707,550,1791,670];2484.0;0.622118;7177.86;21;Vino120;False;dead
20;20;20;210429_E21-002_RAS16-synergy;4255;CELLBIO-LAB009;4605;2021-04-29T14:00:02Z;4655;M21;13;21;1;1;21;300;604;[282,581,321,622];2177.42;0.771573;1106.17;22;Vino120;True;alive
21;21;21;210429_E21-002_RAS16-synergy;4255;CELLBIO-LAB009;4605;2021-04-29T14:00:02Z;4655;M21;13;21;1;1;22;1958;825;[1930,792,2019,856];2311.24;0.468887;3275.92;23;Vino120;False;dead
22;22;22;210429_E21-002_RAS16-synergy;4255;CELLBIO-LAB009;4605;2021-04-29T14:00:02Z;4655;M21;13;21;1;1;23;2041;878;[2024,860,2091,909];2462.08;0.41227;1971.73;24;Vino120;False;dead
23;23;23;210429_E21-002_RAS16-synergy;4255;CELLBIO-LAB009;4605;2021-04-29T14:00:02Z;4655;M21;13;21;1;1;24;1220;885;[1202,869,1252,915];2134.23;0.506244;1458.57;25;Vino120;False;dead
24;24;24;210429_E21-002_RAS16-synergy;4255;CELLBIO-LAB009;4605;2021-04-29T14:00:02Z;4655;M21;13;21;1;1;25;161;950;[108,908,199,1006];2391.2;0.499427;4888.87;26;Vino120;False;dead
25;25;25;210429_E21-002_RAS16-synergy;4255;CELLBIO-LAB009;4605;2021-04-29T14:00:02Z;4655;M21;13;21;1;1;26;2153;1121;[2103,1101,2169,1146];2191.14;0.444601;1770.51;27;Vino120;False;dead
26;26;26;210429_E21-002_RAS16-synergy;4255;CELLBIO-LAB009;4605;2021-04-29T14:00:02Z;4655;M21;13;21;1;1;27;1961;1282;[1893,1243,1985,1319];2428.55;0.427665;3778.44;28;Vino120;False;dead
27;27;27;210429_E21-002_RAS16-synergy;4255;CELLBIO-LAB009;4605;2021-04-29T14:00:02Z;4655;M21;13;21;1;1;28;1069;1301;[1050,1278,1085,1332];2358.66;0.487966;1124.27;29;Vino120;False;dead
28;28;28;210429_E21-002_RAS16-synergy;4255;CELLBIO-LAB009;4605;2021-04-29T14:00:02Z;4655;M21;13;21;1;1;29;1796;1425;[1746,1372,1846,1487];1989.83;0.455836;9026.09;30;Vino120;False;dead
29;29;29;210429_E21-002_RAS16-synergy;4255;CELLBIO-LAB009;4605;2021-04-29T14:00:02Z;4655;M21;13;21;1;1;30;1321;1461;[1305,1440,1372,1483];2308.98;0.440178;1615.07;31;Vino120;False;dead
30;30;30;210429_E21-002_RAS16-synergy;4255;CELLBIO-LAB009;4605;2021-04-29T14:00:02Z;4655;M21;13;21;1;1;31;230;1545;[199,1523,249,1563];2491.59;0.499622;1060.39;32;Vino120;False;dead
31;31;31;210429_E21-002_RAS16-synergy;4255;CELLBIO-LAB009;4605;2021-04-29T14:00:02Z;4655;M21;13;21;1;1;32;280;1583;[270,1572,324,1617];2119.74;0.235855;1077.42;33;Vino120;False;dead
32;32;32;210429_E21-002_RAS16-synergy;4255;CELLBIO-LAB009;4605;2021-04-29T14:00:02Z;4655;M21;13;21;1;1;33;1172;1783;[1139,1751,1200,1813];2302.11;0.412842;2394.4;34;Vino120;False;dead
33;33;33;210429_E21-002_RAS16-synergy;4255;CELLBIO-LAB009;4605;2021-04-29T14:00:02Z;4655;M21;13;21;1;1;34;1130;1891;[1105,1848,1159,1908];2045.61;0.320938;1780.09;35;Vino120;False;dead
34;34;34;210429_E21-002_RAS16-synergy;4255;CELLBIO-LAB009;4605;2021-04-29T14:00:02Z;4655;M21;13;21;1;1;35;881;1936;[819,1918,900,1973];2338.53;0.303287;2226.18;36;Vino120;False;dead
35;35;35;210429_E21-002_RAS16-synergy;4255;CELLBIO-LAB009;4605;2021-04-29T14:00:02Z;4655;M21;13;21;1;1;36;753;2004;[710,1975,775,2029];2347.66;0.465469;1927.01;37;Vino120;False;dead
36;36;36;210429_E21-002_RAS16-synergy;4255;CELLBIO-LAB009;4605;2021-04-29T14:00:02Z;4655;M21;13;21;1;1;37;1852;78;[1823,53,1880,103];2633.13;0.392773;2012.19;39;Vino120;False;dead
37;37;37;210429_E21-002_RAS16-synergy;4255;CELLBIO-LAB009;4605;2021-04-29T14:00:02Z;4655;M21;13;21;1;1;38;1828;527;[1792,504,1848,550];2700.84;0.402392;1223.28;40;Vino120;False;dead
38;38;38;210429_E21-002_RAS16-synergy;4255;CELLBIO-LAB009;4605;2021-04-29T14:00:02Z;4655;M21;13;21;1;1;39;1252;643;[1228,625,1275,659];1951.63;0.342737;1017.8;41;Vino120;False;dead
40;40;40;210429_E21-002_RAS16-synergy;4255;CELLBIO-LAB009;4605;2021-04-29T14:00:02Z;4655;M21;13;21;1;1;41;1924;1122;[1899,1098,1949,1147];2308.49;0.479268;1559.71;44;Vino120;False;dead
41;0;0;210429_E21-002_RAS16-synergy;4255;CELLBIO-LAB009;4605;2021-04-29T14:00:02Z;4655;M22;13;22;1;1;1;789;300;[754,275,807,318];2438.94;0.377518;1116.82;1;Vino120;False;dead
42;1;1;210429_E21-002_RAS16-synergy;4255;CELLBIO-LAB009;4605;2021-04-29T14:00:02Z;4655;M22;13;22;1;1;2;1909;478;[1862,466,1922,506];2268.06;0.536656;1274.38;2;Vino120;False;dead
43;2;2;210429_E21-002_RAS16-synergy;4255;CELLBIO-LAB009;4605;2021-04-29T14:00:02Z;4655;M22;13;22;1;1;3;1020;484;[1003,468,1044,506];2359.62;0.602496;1114.69;3;Vino120;False;dead
44;3;3;210429_E21-002_RAS16-synergy;4255;CELLBIO-LAB009;4605;2021-04-29T14:00:02Z;4655;M22;13;22;1;1;4;1889;72;[1850,39,1966,112];2535.46;0.572931;6137.7;5;Vino120;False;dead
45;4;4;210429_E21-002_RAS16-synergy;4255;CELLBIO-LAB009;4605;2021-04-29T14:00:02Z;4655;M22;13;22;1;1;5;1569;70;[1553,44,1608,88];2516.26;0.348725;1181.76;6;Vino120;False;dead
46;5;5;210429_E21-002_RAS16-synergy;4255;CELLBIO-LAB009;4605;2021-04-29T14:00:02Z;4655;M22;13;22;1;1;6;1419;162;[1386,132,1477,193];2783.96;0.448082;3548.47;7;Vino120;False;dead
47;6;6;210429_E21-002_RAS16-synergy;4255;CELLBIO-LAB009;4605;2021-04-29T14:00:02Z;4655;M22;13;22;1;1;7;273;181;[238,159,299,229];2292.39;0.347584;2627.55;8;Vino120;False;dead
48;7;7;210429_E21-002_RAS16-synergy;4255;CELLBIO-LAB009;4605;2021-04-29T14:00:02Z;4655;M22;13;22;1;1;8;804;254;[785,221,862,271];2570.91;0.379816;2423.14;9;Vino120;False;dead
49;8;8;210429_E21-002_RAS16-synergy;4255;CELLBIO-LAB009;4605;2021-04-29T14:00:02Z;4655;M22;13;22;1;1;9;700;297;[674,272,736,342];2474.9;0.457046;2794.7;10;Vino120;False;dead
50;9;9;210429_E21-002_RAS16-synergy;4255;CELLBIO-LAB009;4605;2021-04-29T14:00:02Z;4655;M22;13;22;1;1;10;2141;346;[2095,298,2186,387];2325.42;0.547227;4819.66;11;Vino120;False;dead
51;10;10;210429_E21-002_RAS16-synergy;4255;CELLBIO-LAB009;4605;2021-04-29T14:00:02Z;4655;M22;13;22;1;1;11;1944;429;[1925,412,1962,454];2586.04;0.713215;1173.24;12;Vino120;True;alive
52;11;11;210429_E21-002_RAS16-synergy;4255;CELLBIO-LAB009;4605;2021-04-29T14:00:02Z;4655;M22;13;22;1;1;12;1065;484;[1030,459,1097,514];2603.96;0.560416;2312.42;13;Vino120;False;dead
53;12;12;210429_E21-002_RAS16-synergy;4255;CELLBIO-LAB009;4605;2021-04-29T14:00:02Z;4655;M22;13;22;1;1;13;1603;496;[1572,464,1631,519];2440.25;0.512965;2026.03;14;Vino120;False;dead
54;13;13;210429_E21-002_RAS16-synergy;4255;CELLBIO-LAB009;4605;2021-04-29T14:00:02Z;4655;M22;13;22;1;1;14;1965;498;[1889,464,2005,581];2527.62;0.450991;7819.85;15;Vino120;False;dead
55;14;14;210429_E21-002_RAS16-synergy;4255;CELLBIO-LAB009;4605;2021-04-29T14:00:02Z;4655;M22;13;22;1;1;15;575;503;[550,472,611,537];2204.18;0.434579;2220.86;16;Vino120;False;dead
56;15;15;210429_E21-002_RAS16-synergy;4255;CELLBIO-LAB009;4605;2021-04-29T14:00:02Z;4655;M22;13;22;1;1;16;2054;495;[2035,480,2086,514];3177.8;0.669527;1147.69;17;Vino120;False;dead
57;16;16;210429_E21-002_RAS16-synergy;4255;CELLBIO-LAB009;4605;2021-04-29T14:00:02Z;4655;M22;13;22;1;1;17;1079;547;[1054,528,1103,570];2072.04;0.57619;1530.96;18;Vino120;False;dead
58;17;17;210429_E21-002_RAS16-synergy;4255;CELLBIO-LAB009;4605;2021-04-29T14:00:02Z;4655;M22;13;22;1;1;18;906;588;[873,565,930,633];2086.92;0.231603;1892.95;19;Vino120;False;dead
59;18;18;210429_E21-002_RAS16-synergy;4255;CELLBIO-LAB009;4605;2021-04-29T14:00:02Z;4655;M22;13;22;1;1;19;1091;617;[1062,587,1120,639];2252.94;0.372317;1665.11;20;Vino120;False;dead
60;19;19;210429_E21-002_RAS16-synergy;4255;CELLBIO-LAB009;4605;2021-04-29T14:00:02Z;4655;M22;13;22;1;1;20;1270;625;[1226,598,1310,687];1944.75;0.197328;3389.84;21;Vino120;False;dead
61;20;20;210429_E21-002_RAS16-synergy;4255;CELLBIO-LAB009;4605;2021-04-29T14:00:02Z;4655;M22;13;22;1;1;21;1175;680;[1143,644,1225,739];2417.2;0.508193;4608.86;22;Vino120;False;dead
62;21;21;210429_E21-002_RAS16-synergy;4255;CELLBIO-LAB009;4605;2021-04-29T14:00:02Z;4655;M22;13;22;1;1;22;700;692;[670,674,739,736];1963.18;0.239306;2078.19;23;Vino120;False;dead
63;22;22;210429_E21-002_RAS16-synergy;4255;CELLBIO-LAB009;4605;2021-04-29T14:00:02Z;4655;M22;13;22;1;1;23;354;705;[324,686,379,734];2324.45;0.478749;1504.35;24;Vino120;False;dead
64;23;23;210429_E21-002_RAS16-synergy;4255;CELLBIO-LAB009;4605;2021-04-29T14:00:02Z;4655;M22;13;22;1;1;24;1870;726;[1839,696,1894,753];2730.05;0.514533;1892.95;25;Vino120;False;dead
65;24;24;210429_E21-002_RAS16-synergy;4255;CELLBIO-LAB009;4605;2021-04-29T14:00:02Z;4655;M22;13;22;1;1;25;2099;824;[2071,790,2130,866];2413.29;0.405768;2596.68;26;Vino120;False;dead
66;25;25;210429_E21-002_RAS16-synergy;4255;CELLBIO-LAB009;4605;2021-04-29T14:00:02Z;4655;M22;13;22;1;1;26;2060;861;[2028,837,2079,880];2193.77;0.454808;1172.18;27;Vino120;False;dead
67;26;26;210429_E21-002_RAS16-synergy;4255;CELLBIO-LAB009;4605;2021-04-29T14:00:02Z;4655;M22;13;22;1;1;27;824;894;[789,869,847,915];2114.56;0.577431;1743.89;28;Vino120;False;dead
68;27;27;210429_E21-002_RAS16-synergy;4255;CELLBIO-LAB009;4605;2021-04-29T14:00:02Z;4655;M22;13;22;1;1;28;2123;910;[2093,879,2137,928];2141.75;0.397299;1131.72;29;Vino120;False;dead
69;28;28;210429_E21-002_RAS16-synergy;4255;CELLBIO-LAB009;4605;2021-04-29T14:00:02Z;4655;M22;13;22;1;1;29;1746;919;[1704,890,1768,938];2196.61;0.456773;1707.7;30;Vino120;False;dead
70;29;29;210429_E21-002_RAS16-synergy;4255;CELLBIO-LAB009;4605;2021-04-29T14:00:02Z;4655;M22;13;22;1;1;30;405;923;[387,898,430,948];2094.35;0.638613;1459.63;31;Vino120;False;dead
71;30;30;210429_E21-002_RAS16-synergy;4255;CELLBIO-LAB009;4605;2021-04-29T14:00:02Z;4655;M22;13;22;1;1;31;932;940;[913,917,995,957];2094.15;0.430365;2145.27;32;Vino120;False;dead
72;31;31;210429_E21-002_RAS16-synergy;4255;CELLBIO-LAB009;4605;2021-04-29T14:00:02Z;4655;M22;13;22;1;1;32;288;1026;[270,1010,322,1063];2163.38;0.540432;1555.45;33;Vino120;False;dead
73;32;32;210429_E21-002_RAS16-synergy;4255;CELLBIO-LAB009;4605;2021-04-29T14:00:02Z;4655;M22;13;22;1;1;33;1505;1039;[1466,1023,1518,1062];2004.69;0.51467;1295.68;34;Vino120;False;dead
74;33;33;210429_E21-002_RAS16-synergy;4255;CELLBIO-LAB009;4605;2021-04-29T14:00:02Z;4655;M22;13;22;1;1;34;1811;1154;[1752,1106,1863,1191];2034.95;0.398793;5156.09;35;Vino120;False;dead
75;34;34;210429_E21-002_RAS16-synergy;4255;CELLBIO-LAB009;4605;2021-04-29T14:00:02Z;4655;M22;13;22;1;1;35;1720;1185;[1692,1159,1756,1237];2552.77;0.420403;2867.1;36;Vino120;False;dead
76;35;35;210429_E21-002_RAS16-synergy;4255;CELLBIO-LAB009;4605;2021-04-29T14:00:02Z;4655;M22;13;22;1;1;36;1032;1426;[1009,1406,1058,1451];2023.65;0.746374;1720.47;37;Vino120;True;alive
77;36;36;210429_E21-002_RAS16-synergy;4255;CELLBIO-LAB009;4605;2021-04-29T14:00:02Z;4655;M22;13;22;1;1;37;1871;1455;[1850,1431,1886,1504];2240.45;0.399526;1568.23;38;Vino120;False;dead
78;37;37;210429_E21-002_RAS16-synergy;4255;CELLBIO-LAB009;4605;2021-04-29T14:00:02Z;4655;M22;13;22;1;1;38;1931;1472;[1900,1447,1972,1497];2541.29;0.69062;2380.55;39;Vino120;False;dead
79;38;38;210429_E21-002_RAS16-synergy;4255;CELLBIO-LAB009;4605;2021-04-29T14:00:02Z;4655;M22;13;22;1;1;39;2108;1789;[2087,1765,2133,1813];2225.59;0.73401;1733.25;41;Vino120;True;alive
80;39;39;210429_E21-002_RAS16-synergy;4255;CELLBIO-LAB009;4605;2021-04-29T14:00:02Z;4655;M22;13;22;1;1;40;1618;1980;[1599,1950,1636,2000];2035.69;0.620362;1196.67;42;Vino120;False;dead
81;40;40;210429_E21-002_RAS16-synergy;4255;CELLBIO-LAB009;4605;2021-04-29T14:00:02Z;4655;M22;13;22;1;1;41;2005;1988;[1961,1949,2046,2037];1885.07;0.626383;6086.6;43;Vino120;False;dead
82;41;41;210429_E21-002_RAS16-synergy;4255;CELLBIO-LAB009;4605;2021-04-29T14:00:02Z;4655;M22;13;22;1;1;42;680;207;[658,153,729,234];1978.04;0.269039;2857.52;44;Vino120;False;dead
83;42;42;210429_E21-002_RAS16-synergy;4255;CELLBIO-LAB009;4605;2021-04-29T14:00:02Z;4655;M22;13;22;1;1;43;444;301;[409,292,498,312];1964.23;0.537519;1358.49;45;Vino120;False;dead
84;43;43;210429_E21-002_RAS16-synergy;4255;CELLBIO-LAB009;4605;2021-04-29T14:00:02Z;4655;M22;13;22;1;1;44;2053;669;[1910,535,2171,784];1990.46;0.140871;34083.7;46;Vino120;False;dead
85;44;44;210429_E21-002_RAS16-synergy;4255;CELLBIO-LAB009;4605;2021-04-29T14:00:02Z;4655;M22;13;22;1;1;45;1745;598;[1707,586,1798,617];1969.35;0.111492;1108.3;47;Vino120;False;dead
86;45;45;210429_E21-002_RAS16-synergy;4255;CELLBIO-LAB009;4605;2021-04-29T14:00:02Z;4655;M22;13;22;1;1;46;2031;1016;[2027,974,2035,1114];1944.14;0.230764;1062.52;48;Vino120;False;dead
87;46;46;210429_E21-002_RAS16-synergy;4255;CELLBIO-LAB009;4605;2021-04-29T14:00:02Z;4655;M22;13;22;1;1;47;1710;38;[1679,18,1738,74];2178.1;0.257594;1901.46;49;Vino120;False;dead
88;47;47;210429_E21-002_RAS16-synergy;4255;CELLBIO-LAB009;4605;2021-04-29T14:00:02Z;4655;M22;13;22;1;1;48;786;66;[757,32,809,87];2025.87;0.293054;1467.09;50;Vino120;False;dead
89;48;48;210429_E21-002_RAS16-synergy;4255;CELLBIO-LAB009;4605;2021-04-29T14:00:02Z;4655;M22;13;22;1;1;49;2018;460;[1980,440,2039,502];2989.43;0.478969;2089.91;51;Vino120;False;dead
90;49;49;210429_E21-002_RAS16-synergy;4255;CELLBIO-LAB009;4605;2021-04-29T14:00:02Z;4655;M22;13;22;1;1;50;1324;693;[1291,674,1348,716];2306.16;0.361978;1106.17;53;Vino120;False;dead
91;50;50;210429_E21-002_RAS16-synergy;4255;CELLBIO-LAB009;4605;2021-04-29T14:00:02Z;4655;M22;13;22;1;1;51;1585;773;[1554,747,1608,794];2163.39;0.402648;1562.9;54;Vino120;False;dead
92;51;51;210429_E21-002_RAS16-synergy;4255;CELLBIO-LAB009;4605;2021-04-29T14:00:02Z;4655;M22;13;22;1;1;52;2031;914;[2011,893,2058,944];2082.25;0.316017;1081.68;55;Vino120;False;dead
93;0;0;210429_E21-002_RAS16-synergy;4255;CELLBIO-LAB009;4605;2021-04-29T14:00:02Z;4655;N21;14;21;1;1;1;1552;570;[1541,556,1591,630];2679.08;0.414233;1441.53;1;Vino120;False;dead
94;1;1;210429_E21-002_RAS16-synergy;4255;CELLBIO-LAB009;4605;2021-04-29T14:00:02Z;4655;N21;14;21;1;1;2;1107;84;[1082,48,1128,105];2463.65;0.397603;1294.61;3;Vino120;False;dead
95;2;2;210429_E21-002_RAS16-synergy;4255;CELLBIO-LAB009;4605;2021-04-29T14:00:02Z;4655;N21;14;21;1;1;3;227;95;[157,65,291,162];2507.9;0.333465;7793.23;4;Vino120;False;dead
96;3;3;210429_E21-002_RAS16-synergy;4255;CELLBIO-LAB009;4605;2021-04-29T14:00:02Z;4655;N21;14;21;1;1;4;1168;141;[1148,98,1201,183];2190.05;0.216002;1693.86;5;Vino120;False;dead
97;4;4;210429_E21-002_RAS16-synergy;4255;CELLBIO-LAB009;4605;2021-04-29T14:00:02Z;4655;N21;14;21;1;1;5;2033;131;[1998,112,2064,152];2563.8;0.448755;1400.01;6;Vino120;False;dead
98;5;5;210429_E21-002_RAS16-synergy;4255;CELLBIO-LAB009;4605;2021-04-29T14:00:02Z;4655;N21;14;21;1;1;6;2029;221;[1976,155,2080,287];2476.35;0.348347;6793.52;7;Vino120;False;dead
99;6;6;210429_E21-002_RAS16-synergy;4255;CELLBIO-LAB009;4605;2021-04-29T14:00:02Z;4655;N21;14;21;1;1;7;75;312;[46,264,103,354];2083.82;0.478969;2823.45;8;Vino120;False;dead
100;7;7;210429_E21-002_RAS16-synergy;4255;CELLBIO-LAB009;4605;2021-04-29T14:00:02Z;4655;N21;14;21;1;1;8;326;319;[304,303,344,339];2604.77;0.755507;1035.9;9;Vino120;True;alive
101;8;8;210429_E21-002_RAS16-synergy;4255;CELLBIO-LAB009;4605;2021-04-29T14:00:02Z;4655;N21;14;21;1;1;9;1132;369;[1081,330,1224,432];2816.47;0.444421;7070.33;10;Vino120;False;dead
102;9;9;210429_E21-002_RAS16-synergy;4255;CELLBIO-LAB009;4605;2021-04-29T14:00:02Z;4655;N21;14;21;1;1;10;1048;432;[1001,400,1092,466];2753.03;0.436558;2800.03;11;Vino120;False;dead
103;10;10;210429_E21-002_RAS16-synergy;4255;CELLBIO-LAB009;4605;2021-04-29T14:00:02Z;4655;N21;14;21;1;1;11;1193;431;[1167,409,1219,453];2366.79;0.59555;1424.5;12;Vino120;False;dead
104;11;11;210429_E21-002_RAS16-synergy;4255;CELLBIO-LAB009;4605;2021-04-29T14:00:02Z;4655;N21;14;21;1;1;12;1207;515;[1174,495,1227,545];2588.43;0.595762;1714.08;14;Vino120;False;dead
105;12;12;210429_E21-002_RAS16-synergy;4255;CELLBIO-LAB009;4605;2021-04-29T14:00:02Z;4655;N21;14;21;1;1;13;275;533;[255,516,296,552];2510.11;0.615225;1124.27;15;Vino120;False;dead
106;13;13;210429_E21-002_RAS16-synergy;4255;CELLBIO-LAB009;4605;2021-04-29T14:00:02Z;4655;N21;14;21;1;1;14;1087;595;[1062,569,1122,640];2189.19;0.320584;2261.31;16;Vino120;False;dead
107;14;14;210429_E21-002_RAS16-synergy;4255;CELLBIO-LAB009;4605;2021-04-29T14:00:02Z;4655;N21;14;21;1;1;15;1592;648;[1551,612,1660,687];3133.04;0.549346;4955.94;17;Vino120;False;dead
108;15;15;210429_E21-002_RAS16-synergy;4255;CELLBIO-LAB009;4605;2021-04-29T14:00:02Z;4655;N21;14;21;1;1;16;1706;848;[1676,792,1741,873];2363.02;0.403646;2561.54;18;Vino120;False;dead
109;16;16;210429_E21-002_RAS16-synergy;4255;CELLBIO-LAB009;4605;2021-04-29T14:00:02Z;4655;N21;14;21;1;1;17;1552;927;[1521,895,1576,947];2122.87;0.25947;1384.04;19;Vino120;False;dead
110;17;17;210429_E21-002_RAS16-synergy;4255;CELLBIO-LAB009;4605;2021-04-29T14:00:02Z;4655;N21;14;21;1;1;18;1268;958;[1247,940,1293,980];2504.1;0.66666;1311.65;20;Vino120;False;dead
111;18;18;210429_E21-002_RAS16-synergy;4255;CELLBIO-LAB009;4605;2021-04-29T14:00:02Z;4655;N21;14;21;1;1;19;973;998;[951,982,993,1015];2418.84;0.803546;1060.39;21;Vino120;True;alive
112;19;19;210429_E21-002_RAS16-synergy;4255;CELLBIO-LAB009;4605;2021-04-29T14:00:02Z;4655;N21;14;21;1;1;20;1723;1029;[1697,1004,1748,1069];2092.19;0.582225;2153.78;22;Vino120;False;dead
113;20;20;210429_E21-002_RAS16-synergy;4255;CELLBIO-LAB009;4605;2021-04-29T14:00:02Z;4655;N21;14;21;1;1;21;940;1164;[896,1129,977,1200];2104.86;0.57424;4398.06;23;Vino120;False;dead
114;21;21;210429_E21-002_RAS16-synergy;4255;CELLBIO-LAB009;4605;2021-04-29T14:00:02Z;4655;N21;14;21;1;1;22;651;1176;[620,1152,676,1203];2387.23;0.802556;2110.13;24;Vino120;True;alive
115;22;22;210429_E21-002_RAS16-synergy;4255;CELLBIO-LAB009;4605;2021-04-29T14:00:02Z;4655;N21;14;21;1;1;23;386;1186;[309,1159,434,1206];2356.07;0.343388;2782.99;25;Vino120;False;dead
116;23;23;210429_E21-002_RAS16-synergy;4255;CELLBIO-LAB009;4605;2021-04-29T14:00:02Z;4655;N21;14;21;1;1;24;187;1394;[156,1348,226,1426];2707.4;0.41123;2265.57;26;Vino120;False;dead
117;24;24;210429_E21-002_RAS16-synergy;4255;CELLBIO-LAB009;4605;2021-04-29T14:00:02Z;4655;N21;14;21;1;1;25;1307;1524;[1283,1504,1327,1547];2662.24;0.796534;1489.44;27;Vino120;True;alive
118;25;25;210429_E21-002_RAS16-synergy;4255;CELLBIO-LAB009;4605;2021-04-29T14:00:02Z;4655;N21;14;21;1;1;26;1733;1692;[1709,1656,1763,1730];2253.43;0.494512;2819.19;28;Vino120;False;dead
119;26;26;210429_E21-002_RAS16-synergy;4255;CELLBIO-LAB009;4605;2021-04-29T14:00:02Z;4655;N21;14;21;1;1;27;1550;1785;[1531,1765,1569,1807];2565.88;0.6992;1231.8;29;Vino120;True;alive
120;27;27;210429_E21-002_RAS16-synergy;4255;CELLBIO-LAB009;4605;2021-04-29T14:00:02Z;4655;N21;14;21;1;1;28;1178;2063;[1151,2041,1200,2086];2550.23;0.825599;1625.72;30;Vino120;True;alive
121;28;28;210429_E21-002_RAS16-synergy;4255;CELLBIO-LAB009;4605;2021-04-29T14:00:02Z;4655;N21;14;21;1;1;29;788;208;[770,143,885,228];2000.37;0.273604;2602.0;31;Vino120;False;dead
122;29;29;210429_E21-002_RAS16-synergy;4255;CELLBIO-LAB009;4605;2021-04-29T14:00:02Z;4655;N21;14;21;1;1;30;2013;374;[1993,343,2029,388];2867.64;0.538236;1051.87;32;Vino120;False;dead
123;30;30;210429_E21-002_RAS16-synergy;4255;CELLBIO-LAB009;4605;2021-04-29T14:00:02Z;4655;N21;14;21;1;1;31;2071;399;[2053,374,2103,425];2616.22;0.365322;1040.16;33;Vino120;False;dead
124;31;31;210429_E21-002_RAS16-synergy;4255;CELLBIO-LAB009;4605;2021-04-29T14:00:02Z;4655;N21;14;21;1;1;32;450;415;[434,395,467,441];2621.79;0.427785;1011.42;34;Vino120;False;dead
125;32;32;210429_E21-002_RAS16-synergy;4255;CELLBIO-LAB009;4605;2021-04-29T14:00:02Z;4655;N21;14;21;1;1;33;1501;517;[1474,489,1527,550];2415.6;0.306049;1756.67;35;Vino120;False;dead
126;33;33;210429_E21-002_RAS16-synergy;4255;CELLBIO-LAB009;4605;2021-04-29T14:00:02Z;4655;N21;14;21;1;1;34;960;771;[923,739,993,794];2058.76;0.204243;1099.78;36;Vino120;False;dead
127;34;34;210429_E21-002_RAS16-synergy;4255;CELLBIO-LAB009;4605;2021-04-29T14:00:02Z;4655;N21;14;21;1;1;35;2112;931;[2075,901,2129,959];2211.91;0.208218;1385.11;37;Vino120;False;dead
128;35;35;210429_E21-002_RAS16-synergy;4255;CELLBIO-LAB009;4605;2021-04-29T14:00:02Z;4655;N21;14;21;1;1;36;1804;985;[1774,967,1823,1016];2088.81;0.292304;1057.2;38;Vino120;False;dead
129;0;0;210429_E21-002_RAS16-synergy;4255;CELLBIO-LAB009;4605;2021-04-29T14:00:02Z;4655;N22;14;22;1;1;1;32;820;[19,781,66,852];2357.82;0.443596;1672.56;1;Vino120;False;dead
130;1;1;210429_E21-002_RAS16-synergy;4255;CELLBIO-LAB009;4605;2021-04-29T14:00:02Z;4655;N22;14;22;1;1;2;1024;1432;[1004,1413,1039,1471];2302.95;0.575569;1236.06;2;Vino120;False;dead
131;2;2;210429_E21-002_RAS16-synergy;4255;CELLBIO-LAB009;4605;2021-04-29T14:00:02Z;4655;N22;14;22;1;1;3;2073;55;[2042,3,2132,96];2906.39;0.624545;4902.71;5;Vino120;False;dead
132;3;3;210429_E21-002_RAS16-synergy;4255;CELLBIO-LAB009;4605;2021-04-29T14:00:02Z;4655;N22;14;22;1;1;4;1855;29;[1840,18,1894,65];2231.16;0.184762;1044.42;6;Vino120;False;dead
133;4;4;210429_E21-002_RAS16-synergy;4255;CELLBIO-LAB009;4605;2021-04-29T14:00:02Z;4655;N22;14;22;1;1;5;1691;52;[1648,21,1716,74];3036.7;0.592655;2312.42;7;Vino120;False;dead
134;5;5;210429_E21-002_RAS16-synergy;4255;CELLBIO-LAB009;4605;2021-04-29T14:00:02Z;4655;N22;14;22;1;1;6;726;60;[684,25,779,108];2826.54;0.602096;5485.07;8;Vino120;False;dead
135;6;6;210429_E21-002_RAS16-synergy;4255;CELLBIO-LAB009;4605;2021-04-29T14:00:02Z;4655;N22;14;22;1;1;7;235;249;[212,232,259,280];2190.39;0.569916;1429.82;9;Vino120;False;dead
136;7;7;210429_E21-002_RAS16-synergy;4255;CELLBIO-LAB009;4605;2021-04-29T14:00:02Z;4655;N22;14;22;1;1;8;679;461;[631,427,729,496];2715.78;0.431158;3398.36;11;Vino120;False;dead
137;8;8;210429_E21-002_RAS16-synergy;4255;CELLBIO-LAB009;4605;2021-04-29T14:00:02Z;4655;N22;14;22;1;1;9;673;512;[651,494,692,537];2582.95;0.460173;1082.75;12;Vino120;False;dead
138;9;9;210429_E21-002_RAS16-synergy;4255;CELLBIO-LAB009;4605;2021-04-29T14:00:02Z;4655;N22;14;22;1;1;10;1644;601;[1613,574,1679,629];2820.7;0.657195;2647.78;13;Vino120;False;dead
139;10;10;210429_E21-002_RAS16-synergy;4255;CELLBIO-LAB009;4605;2021-04-29T14:00:02Z;4655;N22;14;22;1;1;11;234;705;[207,681,253,736];2625.48;0.501506;1477.73;14;Vino120;False;dead
140;11;11;210429_E21-002_RAS16-synergy;4255;CELLBIO-LAB009;4605;2021-04-29T14:00:02Z;4655;N22;14;22;1;1;12;272;770;[246,743,295,834];2690.42;0.546097;2511.51;15;Vino120;False;dead
141;12;12;210429_E21-002_RAS16-synergy;4255;CELLBIO-LAB009;4605;2021-04-29T14:00:02Z;4655;N22;14;22;1;1;13;1010;798;[982,768,1032,822];2478.45;0.454239;1640.62;16;Vino120;False;dead
142;13;13;210429_E21-002_RAS16-synergy;4255;CELLBIO-LAB009;4605;2021-04-29T14:00:02Z;4655;N22;14;22;1;1;14;2053;864;[2031,838,2082,896];2467.56;0.419811;1661.92;17;Vino120;False;dead
143;14;14;210429_E21-002_RAS16-synergy;4255;CELLBIO-LAB009;4605;2021-04-29T14:00:02Z;4655;N22;14;22;1;1;15;249;913;[221,887,273,941];2504.38;0.607633;1769.45;18;Vino120;False;dead
144;15;15;210429_E21-002_RAS16-synergy;4255;CELLBIO-LAB009;4605;2021-04-29T14:00:02Z;4655;N22;14;22;1;1;16;283;938;[264,919,313,964];2508.35;0.527978;1513.93;19;Vino120;False;dead
145;16;16;210429_E21-002_RAS16-synergy;4255;CELLBIO-LAB009;4605;2021-04-29T14:00:02Z;4655;N22;14;22;1;1;17;1370;985;[1339,955,1396,1008];2501.95;0.484377;1544.81;20;Vino120;False;dead
146;17;17;210429_E21-002_RAS16-synergy;4255;CELLBIO-LAB009;4605;2021-04-29T14:00:02Z;4655;N22;14;22;1;1;18;1057;1252;[1027,1219,1067,1267];3144.99;0.590059;1026.32;22;Vino120;False;dead
147;18;18;210429_E21-002_RAS16-synergy;4255;CELLBIO-LAB009;4605;2021-04-29T14:00:02Z;4655;N22;14;22;1;1;19;1742;1298;[1714,1226,1801,1345];2703.66;0.438705;5684.16;23;Vino120;False;dead
148;19;19;210429_E21-002_RAS16-synergy;4255;CELLBIO-LAB009;4605;2021-04-29T14:00:02Z;4655;N22;14;22;1;1;20;1103;1383;[1080,1364,1134,1403];2448.22;0.610542;1388.3;24;Vino120;False;dead
149;20;20;210429_E21-002_RAS16-synergy;4255;CELLBIO-LAB009;4605;2021-04-29T14:00:02Z;4655;N22;14;22;1;1;21;693;1943;[669,1924,716,1960];2285.88;0.685067;1191.34;25;Vino120;False;dead
150;21;21;210429_E21-002_RAS16-synergy;4255;CELLBIO-LAB009;4605;2021-04-29T14:00:02Z;4655;N22;14;22;1;1;22;1034;2103;[982,2061,1092,2177];2465.6;0.624956;8466.09;26;Vino120;False;dead
151;22;22;210429_E21-002_RAS16-synergy;4255;CELLBIO-LAB009;4605;2021-04-29T14:00:02Z;4655;N22;14;22;1;1;23;516;407;[488,384,603,431];2015.77;0.297543;4499.21;27;Vino120;False;dead
152;23;23;210429_E21-002_RAS16-synergy;4255;CELLBIO-LAB009;4605;2021-04-29T14:00:02Z;4655;N22;14;22;1;1;24;1897;695;[1889,688,1910,872];2023.23;0.178067;1030.58;28;Vino120;False;dead
153;24;24;210429_E21-002_RAS16-synergy;4255;CELLBIO-LAB009;4605;2021-04-29T14:00:02Z;4655;N22;14;22;1;1;25;1877;704;[1871,696,1884,867];2014.44;0.223606;1129.59;29;Vino120;False;dead
154;25;25;210429_E21-002_RAS16-synergy;4255;CELLBIO-LAB009;4605;2021-04-29T14:00:02Z;4655;N22;14;22;1;1;26;1808;62;[1778,40,1833,92];2437.61;0.39816;1773.7;30;Vino120;False;dead
155;26;26;210429_E21-002_RAS16-synergy;4255;CELLBIO-LAB009;4605;2021-04-29T14:00:02Z;4655;N22;14;22;1;1;27;1864;129;[1834,111,1894,161];2311.28;0.192191;1223.28;31;Vino120;False;dead
156;27;27;210429_E21-002_RAS16-synergy;4255;CELLBIO-LAB009;4605;2021-04-29T14:00:02Z;4655;N22;14;22;1;1;28;568;211;[543,197,614,245];2392.56;0.361775;1707.7;32;Vino120;False;dead
157;28;28;210429_E21-002_RAS16-synergy;4255;CELLBIO-LAB009;4605;2021-04-29T14:00:02Z;4655;N22;14;22;1;1;29;616;244;[597,227,646,263];2367.48;0.497547;1181.76;33;Vino120;False;dead
158;29;29;210429_E21-002_RAS16-synergy;4255;CELLBIO-LAB009;4605;2021-04-29T14:00:02Z;4655;N22;14;22;1;1;30;2151;544;[2126,524,2172,631];2503.63;0.329517;2460.4;34;Vino120;False;dead
159;30;30;210429_E21-002_RAS16-synergy;4255;CELLBIO-LAB009;4605;2021-04-29T14:00:02Z;4655;N22;14;22;1;1;31;1871;964;[1835,929,1897,994];2068.63;0.244954;1741.77;35;Vino120;False;dead
160;0;0;210429_E21-002_RAS16-synergy;4255;CELLBIO-LAB009;4605;2021-04-29T14:00:02Z;4655;O21;15;21;1;1;1;79;524;[37,510,92,561];2781.49;0.483137;1499.03;2;Vino120;False;dead
161;1;1;210429_E21-002_RAS16-synergy;4255;CELLBIO-LAB009;4605;2021-04-29T14:00:02Z;4655;O21;15;21;1;1;2;448;587;[434,550,503,603];2606.43;0.362361;1623.59;3;Vino120;False;dead
162;2;2;210429_E21-002_RAS16-synergy;4255;CELLBIO-LAB009;4605;2021-04-29T14:00:02Z;4655;O21;15;21;1;1;3;497;56;[455,30,524,92];2651.41;0.703473;2864.97;4;Vino120;True;alive
163;3;3;210429_E21-002_RAS16-synergy;4255;CELLBIO-LAB009;4605;2021-04-29T14:00:02Z;4655;O21;15;21;1;1;4;2103;123;[2070,94,2137,172];2946.73;0.467771;3339.8;5;Vino120;False;dead
164;4;4;210429_E21-002_RAS16-synergy;4255;CELLBIO-LAB009;4605;2021-04-29T14:00:02Z;4655;O21;15;21;1;1;5;2100;246;[2039,169,2149,290];2892.07;0.593224;9326.32;7;Vino120;False;dead
165;5;5;210429_E21-002_RAS16-synergy;4255;CELLBIO-LAB009;4605;2021-04-29T14:00:02Z;4655;O21;15;21;1;1;6;651;230;[613,187,676,250];3034.5;0.498994;2097.36;8;Vino120;False;dead
166;6;6;210429_E21-002_RAS16-synergy;4255;CELLBIO-LAB009;4605;2021-04-29T14:00:02Z;4655;O21;15;21;1;1;7;261;275;[239,251,291,296];2853.25;0.621231;1475.6;9;Vino120;False;dead
167;7;7;210429_E21-002_RAS16-synergy;4255;CELLBIO-LAB009;4605;2021-04-29T14:00:02Z;4655;O21;15;21;1;1;8;830;303;[811,280,851,322];2753.83;0.828507;1343.59;10;Vino120;True;alive
168;8;8;210429_E21-002_RAS16-synergy;4255;CELLBIO-LAB009;4605;2021-04-29T14:00:02Z;4655;O21;15;21;1;1;9;295;314;[245,294,327,345];3002.63;0.559927;2979.95;11;Vino120;False;dead
169;9;9;210429_E21-002_RAS16-synergy;4255;CELLBIO-LAB009;4605;2021-04-29T14:00:02Z;4655;O21;15;21;1;1;10;1580;374;[1553,339,1600,400];2424.1;0.287046;1175.37;12;Vino120;False;dead
170;10;10;210429_E21-002_RAS16-synergy;4255;CELLBIO-LAB009;4605;2021-04-29T14:00:02Z;4655;O21;15;21;1;1;11;1940;406;[1912,376,1972,434];2517.08;0.412844;2083.52;13;Vino120;False;dead
171;11;11;210429_E21-002_RAS16-synergy;4255;CELLBIO-LAB009;4605;2021-04-29T14:00:02Z;4655;O21;15;21;1;1;12;1617;543;[1530,444,1687,626];3401.44;0.409777;13712.7;14;Vino120;False;dead
172;12;12;210429_E21-002_RAS16-synergy;4255;CELLBIO-LAB009;4605;2021-04-29T14:00:02Z;4655;O21;15;21;1;1;13;1558;512;[1533,494,1578,532];2900.83;0.836253;1246.7;15;Vino120;True;alive
173;13;13;210429_E21-002_RAS16-synergy;4255;CELLBIO-LAB009;4605;2021-04-29T14:00:02Z;4655;O21;15;21;1;1;14;545;572;[522,536,570,597];2937.66;0.545544;1842.91;16;Vino120;False;dead
174;14;14;210429_E21-002_RAS16-synergy;4255;CELLBIO-LAB009;4605;2021-04-29T14:00:02Z;4655;O21;15;21;1;1;15;1334;590;[1301,562,1365,618];2770.34;0.579772;2326.26;17;Vino120;False;dead
175;15;15;210429_E21-002_RAS16-synergy;4255;CELLBIO-LAB009;4605;2021-04-29T14:00:02Z;4655;O21;15;21;1;1;16;1685;602;[1664,584,1719,632];3367.43;0.53389;1412.79;18;Vino120;False;dead
176;16;16;210429_E21-002_RAS16-synergy;4255;CELLBIO-LAB009;4605;2021-04-29T14:00:02Z;4655;O21;15;21;1;1;17;405;622;[195,566,512,726];2529.21;0.468456;29721.8;19;Vino120;False;dead
177;17;17;210429_E21-002_RAS16-synergy;4255;CELLBIO-LAB009;4605;2021-04-29T14:00:02Z;4655;O21;15;21;1;1;18;1904;716;[1854,677,1948,758];3196.05;0.844177;6202.64;20;Vino120;True;alive
178;18;18;210429_E21-002_RAS16-synergy;4255;CELLBIO-LAB009;4605;2021-04-29T14:00:02Z;4655;O21;15;21;1;1;19;1655;749;[1610,718,1695,809];3155.12;0.610027;5270.01;21;Vino120;False;dead
179;19;19;210429_E21-002_RAS16-synergy;4255;CELLBIO-LAB009;4605;2021-04-29T14:00:02Z;4655;O21;15;21;1;1;20;445;789;[416,771,467,811];2779.31;0.51726;1331.88;22;Vino120;False;dead
180;20;20;210429_E21-002_RAS16-synergy;4255;CELLBIO-LAB009;4605;2021-04-29T14:00:02Z;4655;O21;15;21;1;1;21;1189;822;[1145,787,1219,851];2174.83;0.35592;2774.47;23;Vino120;False;dead
181;21;21;210429_E21-002_RAS16-synergy;4255;CELLBIO-LAB009;4605;2021-04-29T14:00:02Z;4655;O21;15;21;1;1;22;1536;843;[1513,812,1567,870];2558.18;0.24974;1456.44;24;Vino120;False;dead
182;22;22;210429_E21-002_RAS16-synergy;4255;CELLBIO-LAB009;4605;2021-04-29T14:00:02Z;4655;O21;15;21;1;1;23;1826;857;[1803,839,1840,926];2997.81;0.46206;2186.79;25;Vino120;False;dead
183;23;23;210429_E21-002_RAS16-synergy;4255;CELLBIO-LAB009;4605;2021-04-29T14:00:02Z;4655;O21;15;21;1;1;24;742;1125;[724,1099,773,1156];2660.98;0.399296;1091.26;26;Vino120;False;dead
184;24;24;210429_E21-002_RAS16-synergy;4255;CELLBIO-LAB009;4605;2021-04-29T14:00:02Z;4655;O21;15;21;1;1;25;1463;1183;[1412,1119,1485,1217];2890.25;0.471836;3887.03;27;Vino120;False;dead
185;25;25;210429_E21-002_RAS16-synergy;4255;CELLBIO-LAB009;4605;2021-04-29T14:00:02Z;4655;O21;15;21;1;1;26;1419;1223;[1396,1189,1438,1258];2722.69;0.520663;1594.84;28;Vino120;False;dead
186;26;26;210429_E21-002_RAS16-synergy;4255;CELLBIO-LAB009;4605;2021-04-29T14:00:02Z;4655;O21;15;21;1;1;27;926;1274;[895,1250,961,1301];2255.14;0.45354;1610.81;29;Vino120;False;dead
187;27;27;210429_E21-002_RAS16-synergy;4255;CELLBIO-LAB009;4605;2021-04-29T14:00:02Z;4655;O21;15;21;1;1;28;1216;1285;[1197,1256,1245,1319];2810.49;0.554514;1728.99;30;Vino120;False;dead
188;28;28;210429_E21-002_RAS16-synergy;4255;CELLBIO-LAB009;4605;2021-04-29T14:00:02Z;4655;O21;15;21;1;1;29;451;1515;[427,1499,469,1570];2507.76;0.521823;1887.62;31;Vino120;False;dead
189;29;29;210429_E21-002_RAS16-synergy;4255;CELLBIO-LAB009;4605;2021-04-29T14:00:02Z;4655;O21;15;21;1;1;30;1573;1620;[1514,1550,1630,1749];2969.06;0.528619;10993.6;32;Vino120;False;dead
190;30;30;210429_E21-002_RAS16-synergy;4255;CELLBIO-LAB009;4605;2021-04-29T14:00:02Z;4655;O21;15;21;1;1;31;822;1655;[762,1627,846,1719];3264.21;0.632531;4197.91;33;Vino120;False;dead
191;31;31;210429_E21-002_RAS16-synergy;4255;CELLBIO-LAB009;4605;2021-04-29T14:00:02Z;4655;O21;15;21;1;1;32;2165;1698;[2131,1684,2190,1740];2327.06;0.45375;1423.44;34;Vino120;False;dead
192;32;32;210429_E21-002_RAS16-synergy;4255;CELLBIO-LAB009;4605;2021-04-29T14:00:02Z;4655;O21;15;21;1;1;33;122;2111;[97,2083,151,2132];2132.87;0.707296;1765.19;35;Vino120;True;alive
193;33;33;210429_E21-002_RAS16-synergy;4255;CELLBIO-LAB009;4605;2021-04-29T14:00:02Z;4655;O21;15;21;1;1;34;1827;420;[1730,320,1888,474];2177.84;0.0590263;11716.5;36;Vino120;False;dead
194;34;34;210429_E21-002_RAS16-synergy;4255;CELLBIO-LAB009;4605;2021-04-29T14:00:02Z;4655;O21;15;21;1;1;35;1939;512;[1935,474,1957,624];2157.89;0.147711;1464.96;37;Vino120;False;dead
195;35;35;210429_E21-002_RAS16-synergy;4255;CELLBIO-LAB009;4605;2021-04-29T14:00:02Z;4655;O21;15;21;1;1;36;1924;537;[1915,475,1933,618];2158.34;0.140285;1215.83;38;Vino120;False;dead
196;36;36;210429_E21-002_RAS16-synergy;4255;CELLBIO-LAB009;4605;2021-04-29T14:00:02Z;4655;O21;15;21;1;1;37;1833;223;[1773,135,1889,298];2368.33;0.438428;14598.5;39;Vino120;False;dead
197;37;37;210429_E21-002_RAS16-synergy;4255;CELLBIO-LAB009;4605;2021-04-29T14:00:02Z;4655;O21;15;21;1;1;38;784;234;[757,211,813,264];2719.4;0.368327;1706.63;40;Vino120;False;dead
198;38;38;210429_E21-002_RAS16-synergy;4255;CELLBIO-LAB009;4605;2021-04-29T14:00:02Z;4655;O21;15;21;1;1;39;868;221;[843,207,886,251];2910.59;0.414088;1180.7;41;Vino120;False;dead
199;39;39;210429_E21-002_RAS16-synergy;4255;CELLBIO-LAB009;4605;2021-04-29T14:00:02Z;4655;O21;15;21;1;1;40;883;332;[855,318,914,362];2639.35;0.244725;1215.83;42;Vino120;False;dead
200;40;40;210429_E21-002_RAS16-synergy;4255;CELLBIO-LAB009;4605;2021-04-29T14:00:02Z;4655;O21;15;21;1;1;41;2019;418;[1997,382,2078,440];2382.7;0.330254;2480.63;43;Vino120;False;dead
201;41;41;210429_E21-002_RAS16-synergy;4255;CELLBIO-LAB009;4605;2021-04-29T14:00:02Z;4655;O21;15;21;1;1;42;2099;638;[2067,603,2124,676];2249.73;0.202139;1829.07;44;Vino120;False;dead
202;42;42;210429_E21-002_RAS16-synergy;4255;CELLBIO-LAB009;4605;2021-04-29T14:00:02Z;4655;O21;15;21;1;1;43;2125;791;[2100,769,2150,816];2645.81;0.369668;1361.69;45;Vino120;False;dead
203;0;0;210429_E21-002_RAS16-synergy;4255;CELLBIO-LAB009;4605;2021-04-29T14:00:02Z;4655;O22;15;22;1;1;1;272;289;[247,260,289,309];2285.57;0.445028;1406.4;1;Vino120;False;dead
204;1;1;210429_E21-002_RAS16-synergy;4255;CELLBIO-LAB009;4605;2021-04-29T14:00:02Z;4655;O22;15;22;1;1;2;780;1507;[741,1485,794,1522];2950.74;0.467593;1198.79;2;Vino120;False;dead
205;2;2;210429_E21-002_RAS16-synergy;4255;CELLBIO-LAB009;4605;2021-04-29T14:00:02Z;4655;O22;15;22;1;1;3;1543;2005;[1536,1997,1597,2047];2755.52;0.394761;1220.09;3;Vino120;False;dead
206;3;3;210429_E21-002_RAS16-synergy;4255;CELLBIO-LAB009;4605;2021-04-29T14:00:02Z;4655;O22;15;22;1;1;4;1353;2167;[1320,2136,1374,2176];2773.39;0.418133;1187.08;4;Vino120;False;dead
207;4;4;210429_E21-002_RAS16-synergy;4255;CELLBIO-LAB009;4605;2021-04-29T14:00:02Z;4655;O22;15;22;1;1;5;802;46;[783,30,830,70];2897.9;0.524238;1141.3;8;Vino120;False;dead
208;5;5;210429_E21-002_RAS16-synergy;4255;CELLBIO-LAB009;4605;2021-04-29T14:00:02Z;4655;O22;15;22;1;1;6;1674;77;[1652,58,1703,111];2713.97;0.520885;1639.56;9;Vino120;False;dead
209;6;6;210429_E21-002_RAS16-synergy;4255;CELLBIO-LAB009;4605;2021-04-29T14:00:02Z;4655;O22;15;22;1;1;7;406;92;[383,71,433,112];3098.73;0.717747;1631.04;10;Vino120;True;alive
210;7;7;210429_E21-002_RAS16-synergy;4255;CELLBIO-LAB009;4605;2021-04-29T14:00:02Z;4655;O22;15;22;1;1;8;1459;92;[1439,74,1481,117];2547.63;0.575632;1335.07;11;Vino120;False;dead
211;8;8;210429_E21-002_RAS16-synergy;4255;CELLBIO-LAB009;4605;2021-04-29T14:00:02Z;4655;O22;15;22;1;1;9;1120;206;[1105,192,1150,238];2700.75;0.564923;1121.08;12;Vino120;False;dead
212;9;9;210429_E21-002_RAS16-synergy;4255;CELLBIO-LAB009;4605;2021-04-29T14:00:02Z;4655;O22;15;22;1;1;10;2038;243;[1965,194,2086,288];3130.91;0.561838;6964.93;13;Vino120;False;dead
213;10;10;210429_E21-002_RAS16-synergy;4255;CELLBIO-LAB009;4605;2021-04-29T14:00:02Z;4655;O22;15;22;1;1;11;395;304;[368,258,421,329];2800.04;0.465635;2166.56;14;Vino120;False;dead
214;11;11;210429_E21-002_RAS16-synergy;4255;CELLBIO-LAB009;4605;2021-04-29T14:00:02Z;4655;O22;15;22;1;1;12;1473;301;[1450,270,1496,329];2358.03;0.576893;1927.01;15;Vino120;False;dead
215;12;12;210429_E21-002_RAS16-synergy;4255;CELLBIO-LAB009;4605;2021-04-29T14:00:02Z;4655;O22;15;22;1;1;13;1339;372;[1312,343,1368,400];2898.04;0.540448;2045.19;16;Vino120;False;dead
216;13;13;210429_E21-002_RAS16-synergy;4255;CELLBIO-LAB009;4605;2021-04-29T14:00:02Z;4655;O22;15;22;1;1;14;1680;371;[1654,349,1713,401];2275.53;0.359716;1501.15;17;Vino120;False;dead
217;14;14;210429_E21-002_RAS16-synergy;4255;CELLBIO-LAB009;4605;2021-04-29T14:00:02Z;4655;O22;15;22;1;1;15;951;527;[839,432,1057,668];2447.92;0.282548;24288.9;18;Vino120;False;dead
218;15;15;210429_E21-002_RAS16-synergy;4255;CELLBIO-LAB009;4605;2021-04-29T14:00:02Z;4655;O22;15;22;1;1;16;380;496;[357,481,394,534];3488.69;0.585514;1213.7;19;Vino120;False;dead
219;16;16;210429_E21-002_RAS16-synergy;4255;CELLBIO-LAB009;4605;2021-04-29T14:00:02Z;4655;O22;15;22;1;1;17;69;526;[44,502,101,554];2561.24;0.62253;2082.45;20;Vino120;False;dead
220;17;17;210429_E21-002_RAS16-synergy;4255;CELLBIO-LAB009;4605;2021-04-29T14:00:02Z;4655;O22;15;22;1;1;18;827;683;[788,643,840,701];2450.93;0.20895;1330.81;21;Vino120;False;dead
221;18;18;210429_E21-002_RAS16-synergy;4255;CELLBIO-LAB009;4605;2021-04-29T14:00:02Z;4655;O22;15;22;1;1;19;1335;705;[1318,694,1353,756];2323.31;0.428935;1055.07;22;Vino120;False;dead
222;19;19;210429_E21-002_RAS16-synergy;4255;CELLBIO-LAB009;4605;2021-04-29T14:00:02Z;4655;O22;15;22;1;1;20;1655;812;[1640,781,1696,831];2773.99;0.529879;1522.45;23;Vino120;False;dead
223;20;20;210429_E21-002_RAS16-synergy;4255;CELLBIO-LAB009;4605;2021-04-29T14:00:02Z;4655;O22;15;22;1;1;21;1409;822;[1375,782,1453,869];2634.58;0.433706;3338.74;24;Vino120;False;dead
224;21;21;210429_E21-002_RAS16-synergy;4255;CELLBIO-LAB009;4605;2021-04-29T14:00:02Z;4655;O22;15;22;1;1;22;2017;1147;[1992,1114,2033,1167];2474.75;0.501729;1137.04;25;Vino120;False;dead
225;22;22;210429_E21-002_RAS16-synergy;4255;CELLBIO-LAB009;4605;2021-04-29T14:00:02Z;4655;O22;15;22;1;1;23;318;1188;[298,1164,334,1211];2399.91;0.603583;1117.88;26;Vino120;False;dead
226;23;23;210429_E21-002_RAS16-synergy;4255;CELLBIO-LAB009;4605;2021-04-29T14:00:02Z;4655;O22;15;22;1;1;24;207;1327;[170,1279,238,1356];2689.62;0.535119;2869.23;27;Vino120;False;dead
227;24;24;210429_E21-002_RAS16-synergy;4255;CELLBIO-LAB009;4605;2021-04-29T14:00:02Z;4655;O22;15;22;1;1;25;149;1362;[115,1301,176,1378];3219.99;0.448229;2191.05;28;Vino120;False;dead
228;25;25;210429_E21-002_RAS16-synergy;4255;CELLBIO-LAB009;4605;2021-04-29T14:00:02Z;4655;O22;15;22;1;1;26;244;1392;[223,1369,279,1421];2693.86;0.563732;1600.17;29;Vino120;False;dead
229;26;26;210429_E21-002_RAS16-synergy;4255;CELLBIO-LAB009;4605;2021-04-29T14:00:02Z;4655;O22;15;22;1;1;27;788;1470;[751,1429,822,1488];3082.48;0.557374;2556.22;30;Vino120;False;dead
230;27;27;210429_E21-002_RAS16-synergy;4255;CELLBIO-LAB009;4605;2021-04-29T14:00:02Z;4655;O22;15;22;1;1;28;1295;1602;[1262,1579,1319,1628];2491.76;0.591398;1881.23;31;Vino120;False;dead
231;28;28;210429_E21-002_RAS16-synergy;4255;CELLBIO-LAB009;4605;2021-04-29T14:00:02Z;4655;O22;15;22;1;1;29;1798;1604;[1779,1588,1842,1659];2688.02;0.472482;1727.92;32;Vino120;False;dead
232;29;29;210429_E21-002_RAS16-synergy;4255;CELLBIO-LAB009;4605;2021-04-29T14:00:02Z;4655;O22;15;22;1;1;30;784;1826;[764,1807,819,1850];2835.82;0.651362;1473.47;33;Vino120;False;dead
233;30;30;210429_E21-002_RAS16-synergy;4255;CELLBIO-LAB009;4605;2021-04-29T14:00:02Z;4655;O22;15;22;1;1;31;708;2028;[686,2003,734,2049];2378.39;0.772978;1614.01;34;Vino120;True;alive
234;31;31;210429_E21-002_RAS16-synergy;4255;CELLBIO-LAB009;4605;2021-04-29T14:00:02Z;4655;O22;15;22;1;1;32;1165;452;[1124,422,1186,469];2309.13;0.190212;1699.18;35;Vino120;False;dead
235;32;32;210429_E21-002_RAS16-synergy;4255;CELLBIO-LAB009;4605;2021-04-29T14:00:02Z;4655;O22;15;22;1;1;33;731;855;[704,833,755,876];3184.66;0.444621;1334.0;36;Vino120;False;dead
236;0;0;210429_E21-002_RAS16-synergy;4255;CELLBIO-LAB009;4605;2021-04-29T14:00:02Z;4655;P21;16;21;1;1;1;2025;68;[1977,38,2045,88];2908.52;0.462273;1463.89;1;Vino120;False;dead
237;1;1;210429_E21-002_RAS16-synergy;4255;CELLBIO-LAB009;4605;2021-04-29T14:00:02Z;4655;P21;16;21;1;1;2;1934;94;[1865,22,1975,169];3400.76;0.397605;6760.52;4;Vino120;False;dead
238;2;2;210429_E21-002_RAS16-synergy;4255;CELLBIO-LAB009;4605;2021-04-29T14:00:02Z;4655;P21;16;21;1;1;3;1571;57;[1552,33,1590,97];2777.15;0.647709;1702.37;5;Vino120;False;dead
239;3;3;210429_E21-002_RAS16-synergy;4255;CELLBIO-LAB009;4605;2021-04-29T14:00:02Z;4655;P21;16;21;1;1;4;187;99;[165,79,208,120];3408.36;0.925619;1347.85;6;Vino120;True;alive
240;4;4;210429_E21-002_RAS16-synergy;4255;CELLBIO-LAB009;4605;2021-04-29T14:00:02Z;4655;P21;16;21;1;1;5;759;154;[710,107,796,190];3241.25;0.592663;3945.59;7;Vino120;False;dead
241;5;5;210429_E21-002_RAS16-synergy;4255;CELLBIO-LAB009;4605;2021-04-29T14:00:02Z;4655;P21;16;21;1;1;6;1586;134;[1573,113,1605,160];2950.94;0.576573;1078.49;8;Vino120;False;dead
242;6;6;210429_E21-002_RAS16-synergy;4255;CELLBIO-LAB009;4605;2021-04-29T14:00:02Z;4655;P21;16;21;1;1;7;1891;153;[1864,124,1926,179];3413.24;0.679698;2188.92;9;Vino120;False;dead
243;7;7;210429_E21-002_RAS16-synergy;4255;CELLBIO-LAB009;4605;2021-04-29T14:00:02Z;4655;P21;16;21;1;1;8;368;232;[315,209,392,267];2823.56;0.404695;2800.03;10;Vino120;False;dead
244;8;8;210429_E21-002_RAS16-synergy;4255;CELLBIO-LAB009;4605;2021-04-29T14:00:02Z;4655;P21;16;21;1;1;9;1295;290;[1274,252,1315,313];2909.26;0.399719;1523.51;11;Vino120;False;dead
245;9;9;210429_E21-002_RAS16-synergy;4255;CELLBIO-LAB009;4605;2021-04-29T14:00:02Z;4655;P21;16;21;1;1;10;313;307;[285,280,342,337];2573.7;0.438626;1606.55;12;Vino120;False;dead
246;10;10;210429_E21-002_RAS16-synergy;4255;CELLBIO-LAB009;4605;2021-04-29T14:00:02Z;4655;P21;16;21;1;1;11;1158;393;[1126,365,1181,422];2925.33;0.548053;2178.27;13;Vino120;False;dead
247;11;11;210429_E21-002_RAS16-synergy;4255;CELLBIO-LAB009;4605;2021-04-29T14:00:02Z;4655;P21;16;21;1;1;12;1807;471;[1767,440,1841,508];2616.05;0.559207;3296.15;14;Vino120;False;dead
248;12;12;210429_E21-002_RAS16-synergy;4255;CELLBIO-LAB009;4605;2021-04-29T14:00:02Z;4655;P21;16;21;1;1;13;383;478;[353,440,413,519];3289.73;0.584805;2868.16;15;Vino120;False;dead
249;13;13;210429_E21-002_RAS16-synergy;4255;CELLBIO-LAB009;4605;2021-04-29T14:00:02Z;4655;P21;16;21;1;1;14;2035;524;[2002,480,2073,577];3468.67;0.736364;4933.58;16;Vino120;True;alive
250;14;14;210429_E21-002_RAS16-synergy;4255;CELLBIO-LAB009;4605;2021-04-29T14:00:02Z;4655;P21;16;21;1;1;15;917;574;[889,549,942,605];3151.84;0.573677;2249.6;17;Vino120;False;dead
251;15;15;210429_E21-002_RAS16-synergy;4255;CELLBIO-LAB009;4605;2021-04-29T14:00:02Z;4655;P21;16;21;1;1;16;866;602;[845,582,889,624];3207.27;0.710487;1349.97;18;Vino120;True;alive
252;16;16;210429_E21-002_RAS16-synergy;4255;CELLBIO-LAB009;4605;2021-04-29T14:00:02Z;4655;P21;16;21;1;1;17;996;624;[970,594,1023,658];2577.88;0.338185;1655.53;19;Vino120;False;dead
253;17;17;210429_E21-002_RAS16-synergy;4255;CELLBIO-LAB009;4605;2021-04-29T14:00:02Z;4655;P21;16;21;1;1;18;2088;683;[2071,665,2108,717];2622.73;0.597261;1325.49;20;Vino120;False;dead
254;18;18;210429_E21-002_RAS16-synergy;4255;CELLBIO-LAB009;4605;2021-04-29T14:00:02Z;4655;P21;16;21;1;1;19;651;726;[634,685,671,743];2935.32;0.516456;1328.68;21;Vino120;False;dead
255;19;19;210429_E21-002_RAS16-synergy;4255;CELLBIO-LAB009;4605;2021-04-29T14:00:02Z;4655;P21;16;21;1;1;20;1191;806;[1153,784,1231,833];2509.86;0.398583;2189.98;22;Vino120;False;dead
256;20;20;210429_E21-002_RAS16-synergy;4255;CELLBIO-LAB009;4605;2021-04-29T14:00:02Z;4655;P21;16;21;1;1;21;1706;853;[1672,814,1766,889];2869.59;0.525151;4010.53;23;Vino120;False;dead
257;21;21;210429_E21-002_RAS16-synergy;4255;CELLBIO-LAB009;4605;2021-04-29T14:00:02Z;4655;P21;16;21;1;1;22;321;1260;[300,1233,351,1288];3091.91;0.478943;1544.81;24;Vino120;False;dead
258;22;22;210429_E21-002_RAS16-synergy;4255;CELLBIO-LAB009;4605;2021-04-29T14:00:02Z;4655;P21;16;21;1;1;23;1338;1343;[1316,1322,1355,1369];2472.37;0.529768;1197.73;25;Vino120;False;dead
259;23;23;210429_E21-002_RAS16-synergy;4255;CELLBIO-LAB009;4605;2021-04-29T14:00:02Z;4655;P21;16;21;1;1;24;1175;1377;[1130,1333,1200,1403];3014.57;0.447065;2768.09;26;Vino120;False;dead
260;24;24;210429_E21-002_RAS16-synergy;4255;CELLBIO-LAB009;4605;2021-04-29T14:00:02Z;4655;P21;16;21;1;1;25;1473;1414;[1436,1380,1493,1463];2666.46;0.456073;2438.05;27;Vino120;False;dead
261;25;25;210429_E21-002_RAS16-synergy;4255;CELLBIO-LAB009;4605;2021-04-29T14:00:02Z;4655;P21;16;21;1;1;26;312;1491;[290,1443,362,1525];2670.06;0.332363;2695.69;28;Vino120;False;dead
262;26;26;210429_E21-002_RAS16-synergy;4255;CELLBIO-LAB009;4605;2021-04-29T14:00:02Z;4655;P21;16;21;1;1;27;2132;1529;[2115,1511,2151,1546];3142.57;0.751204;1010.35;29;Vino120;True;alive
263;27;27;210429_E21-002_RAS16-synergy;4255;CELLBIO-LAB009;4605;2021-04-29T14:00:02Z;4655;P21;16;21;1;1;28;322;1726;[298,1695,348,1746];3337.23;0.692475;1761.99;31;Vino120;False;dead
264;28;28;210429_E21-002_RAS16-synergy;4255;CELLBIO-LAB009;4605;2021-04-29T14:00:02Z;4655;P21;16;21;1;1;29;638;1831;[612,1790,678,1858];3197.96;0.53809;2564.74;32;Vino120;False;dead
265;29;29;210429_E21-002_RAS16-synergy;4255;CELLBIO-LAB009;4605;2021-04-29T14:00:02Z;4655;P21;16;21;1;1;30;427;628;[414,580,442,671];2353.36;0.578508;2186.79;33;Vino120;False;dead
266;30;30;210429_E21-002_RAS16-synergy;4255;CELLBIO-LAB009;4605;2021-04-29T14:00:02Z;4655;P21;16;21;1;1;31;418;288;[396,257,447,309];2637.88;0.375254;1349.97;34;Vino120;False;dead
267;31;31;210429_E21-002_RAS16-synergy;4255;CELLBIO-LAB009;4605;2021-04-29T14:00:02Z;4655;P21;16;21;1;1;32;1208;331;[1175,313,1236,358];2431.63;0.316072;1461.76;35;Vino120;False;dead
268;32;32;210429_E21-002_RAS16-synergy;4255;CELLBIO-LAB009;4605;2021-04-29T14:00:02Z;4655;P21;16;21;1;1;33;808;572;[786,548,833,597];2947.96;0.337796;1471.34;36;Vino120;False;dead
269;33;33;210429_E21-002_RAS16-synergy;4255;CELLBIO-LAB009;4605;2021-04-29T14:00:02Z;4655;P21;16;21;1;1;34;514;1021;[487,997,543,1061];2762.25;0.416063;2262.38;37;Vino120;False;dead
270;34;34;210429_E21-002_RAS16-synergy;4255;CELLBIO-LAB009;4605;2021-04-29T14:00:02Z;4655;P21;16;21;1;1;35;977;1503;[963,1484,1010,1526];2442.77;0.372841;1268.0;38;Vino120;False;dead
271;0;0;210429_E21-002_RAS16-synergy;4255;CELLBIO-LAB009;4605;2021-04-29T14:00:02Z;4655;P22;16;22;1;1;1;1473;39;[1450,19,1508,59];3339.61;0.482141;1243.51;1;Vino120;False;dead
272;1;1;210429_E21-002_RAS16-synergy;4255;CELLBIO-LAB009;4605;2021-04-29T14:00:02Z;4655;P22;16;22;1;1;2;757;119;[739,93,784,150];2376.94;0.45327;1507.54;2;Vino120;False;dead
273;2;2;210429_E21-002_RAS16-synergy;4255;CELLBIO-LAB009;4605;2021-04-29T14:00:02Z;4655;P22;16;22;1;1;3;902;83;[853,40,948,127];3458.44;0.590726;5552.14;7;Vino120;False;dead
274;3;3;210429_E21-002_RAS16-synergy;4255;CELLBIO-LAB009;4605;2021-04-29T14:00:02Z;4655;P22;16;22;1;1;4;68;94;[37,47,94,134];3434.4;0.679003;3090.68;8;Vino120;False;dead
275;4;4;210429_E21-002_RAS16-synergy;4255;CELLBIO-LAB009;4605;2021-04-29T14:00:02Z;4655;P22;16;22;1;1;5;737;86;[717,68,760,107];2409.11;0.639153;1036.97;9;Vino120;False;dead
276;5;5;210429_E21-002_RAS16-synergy;4255;CELLBIO-LAB009;4605;2021-04-29T14:00:02Z;4655;P22;16;22;1;1;6;238;103;[181,75,303,153];3110.52;0.421877;5372.22;10;Vino120;False;dead
277;6;6;210429_E21-002_RAS16-synergy;4255;CELLBIO-LAB009;4605;2021-04-29T14:00:02Z;4655;P22;16;22;1;1;7;107;110;[90,77,122,137];2868.27;0.676981;1516.06;11;Vino120;False;dead
278;7;7;210429_E21-002_RAS16-synergy;4255;CELLBIO-LAB009;4605;2021-04-29T14:00:02Z;4655;P22;16;22;1;1;8;1274;92;[1243,69,1289,127];2484.9;0.511566;1579.94;12;Vino120;False;dead
279;8;8;210429_E21-002_RAS16-synergy;4255;CELLBIO-LAB009;4605;2021-04-29T14:00:02Z;4655;P22;16;22;1;1;9;1359;140;[1338,109,1378,173];3796.36;0.783841;2050.51;13;Vino120;True;alive
280;9;9;210429_E21-002_RAS16-synergy;4255;CELLBIO-LAB009;4605;2021-04-29T14:00:02Z;4655;P22;16;22;1;1;10;783;174;[753,150,798,198];2382.92;0.465455;1079.55;14;Vino120;False;dead
281;10;10;210429_E21-002_RAS16-synergy;4255;CELLBIO-LAB009;4605;2021-04-29T14:00:02Z;4655;P22;16;22;1;1;11;742;332;[716,299,768,370];3703.27;0.567477;2493.41;15;Vino120;False;dead
282;11;11;210429_E21-002_RAS16-synergy;4255;CELLBIO-LAB009;4605;2021-04-29T14:00:02Z;4655;P22;16;22;1;1;12;1580;397;[1551,352,1606,443];3138.92;0.632265;3210.98;16;Vino120;False;dead
283;12;12;210429_E21-002_RAS16-synergy;4255;CELLBIO-LAB009;4605;2021-04-29T14:00:02Z;4655;P22;16;22;1;1;13;1388;396;[1367,373,1410,420];2974.61;0.704445;1489.44;17;Vino120;True;alive
284;13;13;210429_E21-002_RAS16-synergy;4255;CELLBIO-LAB009;4605;2021-04-29T14:00:02Z;4655;P22;16;22;1;1;14;323;438;[291,378,368,481];3335.74;0.494624;4718.52;18;Vino120;False;dead
285;14;14;210429_E21-002_RAS16-synergy;4255;CELLBIO-LAB009;4605;2021-04-29T14:00:02Z;4655;P22;16;22;1;1;15;276;447;[256,423,295,470];2999.3;0.586818;1176.44;19;Vino120;False;dead
286;15;15;210429_E21-002_RAS16-synergy;4255;CELLBIO-LAB009;4605;2021-04-29T14:00:02Z;4655;P22;16;22;1;1;16;1000;511;[957,469,1049,561];3578.62;0.550406;4401.26;20;Vino120;False;dead
287;16;16;210429_E21-002_RAS16-synergy;4255;CELLBIO-LAB009;4605;2021-04-29T14:00:02Z;4655;P22;16;22;1;1;17;1728;530;[1687,483,1755,599];3084.71;0.546529;4967.65;21;Vino120;False;dead
288;17;17;210429_E21-002_RAS16-synergy;4255;CELLBIO-LAB009;4605;2021-04-29T14:00:02Z;4655;P22;16;22;1;1;18;1795;515;[1772,483,1816,538];2800.31;0.639092;1561.84;22;Vino120;False;dead
289;18;18;210429_E21-002_RAS16-synergy;4255;CELLBIO-LAB009;4605;2021-04-29T14:00:02Z;4655;P22;16;22;1;1;19;280;671;[242,648,301,701];2913.57;0.467902;1971.73;23;Vino120;False;dead
290;19;19;210429_E21-002_RAS16-synergy;4255;CELLBIO-LAB009;4605;2021-04-29T14:00:02Z;4655;P22;16;22;1;1;20;1780;784;[1758,751,1832,811];2551.3;0.415777;2419.95;24;Vino120;False;dead
291;20;20;210429_E21-002_RAS16-synergy;4255;CELLBIO-LAB009;4605;2021-04-29T14:00:02Z;4655;P22;16;22;1;1;21;787;894;[757,861,833,957];3218.36;0.48475;4253.27;25;Vino120;False;dead
292;21;21;210429_E21-002_RAS16-synergy;4255;CELLBIO-LAB009;4605;2021-04-29T14:00:02Z;4655;P22;16;22;1;1;22;1554;946;[1520,899,1600,988];2667.21;0.382484;4000.95;26;Vino120;False;dead
293;22;22;210429_E21-002_RAS16-synergy;4255;CELLBIO-LAB009;4605;2021-04-29T14:00:02Z;4655;P22;16;22;1;1;23;1906;962;[1879,941,1925,991];3252.27;0.683361;1593.78;27;Vino120;False;dead
294;23;23;210429_E21-002_RAS16-synergy;4255;CELLBIO-LAB009;4605;2021-04-29T14:00:02Z;4655;P22;16;22;1;1;24;1502;967;[1477,954,1526,1018];2575.29;0.443097;1708.76;28;Vino120;False;dead
295;24;24;210429_E21-002_RAS16-synergy;4255;CELLBIO-LAB009;4605;2021-04-29T14:00:02Z;4655;P22;16;22;1;1;25;1026;1007;[1000,971,1052,1039];3183.1;0.419596;2233.63;29;Vino120;False;dead
296;25;25;210429_E21-002_RAS16-synergy;4255;CELLBIO-LAB009;4605;2021-04-29T14:00:02Z;4655;P22;16;22;1;1;26;139;1249;[107,1210,165,1277];2820.78;0.378001;1736.44;30;Vino120;False;dead
297;26;26;210429_E21-002_RAS16-synergy;4255;CELLBIO-LAB009;4605;2021-04-29T14:00:02Z;4655;P22;16;22;1;1;27;1893;1378;[1849,1358,1914,1400];3394.63;0.606265;1815.23;31;Vino120;False;dead
298;27;27;210429_E21-002_RAS16-synergy;4255;CELLBIO-LAB009;4605;2021-04-29T14:00:02Z;4655;P22;16;22;1;1;28;1729;1417;[1695,1357,1768,1474];3682.88;0.64884;5577.69;32;Vino120;False;dead
299;28;28;210429_E21-002_RAS16-synergy;4255;CELLBIO-LAB009;4605;2021-04-29T14:00:02Z;4655;P22;16;22;1;1;29;2129;1454;[2098,1423,2158,1480];2462.84;0.537838;2324.13;33;Vino120;False;dead
300;29;29;210429_E21-002_RAS16-synergy;4255;CELLBIO-LAB009;4605;2021-04-29T14:00:02Z;4655;P22;16;22;1;1;30;1667;1527;[1645,1494,1701,1582];3273.58;0.605761;3245.05;34;Vino120;False;dead
301;30;30;210429_E21-002_RAS16-synergy;4255;CELLBIO-LAB009;4605;2021-04-29T14:00:02Z;4655;P22;16;22;1;1;31;352;1679;[320,1659,372,1724];3032.73;0.369659;1772.64;35;Vino120;False;dead
302;31;31;210429_E21-002_RAS16-synergy;4255;CELLBIO-LAB009;4605;2021-04-29T14:00:02Z;4655;P22;16;22;1;1;32;1614;1696;[1597,1666,1638,1720];3116.24;0.569187;1354.23;36;Vino120;False;dead
303;32;32;210429_E21-002_RAS16-synergy;4255;CELLBIO-LAB009;4605;2021-04-29T14:00:02Z;4655;P22;16;22;1;1;33;1045;1701;[1014,1668,1089,1734];3472.51;0.671531;3576.16;37;Vino120;False;dead
304;33;33;210429_E21-002_RAS16-synergy;4255;CELLBIO-LAB009;4605;2021-04-29T14:00:02Z;4655;P22;16;22;1;1;34;1001;1974;[926,1899,1105,2050];3229.71;0.633986;20426.4;38;Vino120;False;dead
305;34;34;210429_E21-002_RAS16-synergy;4255;CELLBIO-LAB009;4605;2021-04-29T14:00:02Z;4655;P22;16;22;1;1;35;1678;2044;[1627,1987,1719,2140];3148.32;0.469971;8196.73;39;Vino120;False;dead
306;35;35;210429_E21-002_RAS16-synergy;4255;CELLBIO-LAB009;4605;2021-04-29T14:00:02Z;4655;P22;16;22;1;1;36;460;2066;[433,2035,494,2109];3402.11;0.722369;3373.87;40;Vino120;True;alive
307;36;36;210429_E21-002_RAS16-synergy;4255;CELLBIO-LAB009;4605;2021-04-29T14:00:02Z;4655;P22;16;22;1;1;37;313;47;[267,11,350,84];2239.8;0.221077;2534.93;41;Vino120;False;dead
308;37;37;210429_E21-002_RAS16-synergy;4255;CELLBIO-LAB009;4605;2021-04-29T14:00:02Z;4655;P22;16;22;1;1;38;411;352;[362,333,427,390];3010.47;0.475129;2003.67;42;Vino120;False;dead
309;38;38;210429_E21-002_RAS16-synergy;4255;CELLBIO-LAB009;4605;2021-04-29T14:00:02Z;4655;P22;16;22;1;1;39;1426;993;[1391,959,1443,1017];2371.11;0.300029;1459.63;43;Vino120;False;dead
310;39;39;210429_E21-002_RAS16-synergy;4255;CELLBIO-LAB009;4605;2021-04-29T14:00:02Z;4655;P22;16;22;1;1;40;186;1285;[170,1255,227,1299];2609.37;0.366072;1132.79;44;Vino120;False;dead
311;40;40;210429_E21-002_RAS16-synergy;4255;CELLBIO-LAB009;4605;2021-04-29T14:00:02Z;4655;P22;16;22;1;1;41;925;1889;[896,1865,952,1921];2404.41;0.316439;1645.95;45;Vino120;False;dead
